2026-08-12T20:03:51.179+05:30  INFO 4736 --- [firstSpringBoot] [main] c.R.f.FirstSprintBootApplicationTests    : Starting FirstSprintBootApplicationTests using Java 26.0.2 with PID 4736 (started by r4ghuveer in /home/r4ghuveer/SpringBoot/firstSpringBoot)
2026-08-12T20:03:51.182+05:30  INFO 4736 --- [firstSpringBoot] [main] c.R.f.FirstSprintBootApplicationTests    : No active profile set, falling back to 1 default profile: "default"
2026-08-12T20:03:51.807+05:30  INFO 4736 --- [firstSpringBoot] [main] r$InitializeUserDetailsManagerConfigurer : Global AuthenticationManager configured with UserDetailsService bean with name inMemoryUserDetailsManager
2026-08-12T20:03:51.922+05:30  INFO 4736 --- [firstSpringBoot] [main] o.s.b.a.e.web.EndpointLinksResolver      : Exposing 4 endpoints beneath base path '/actuator'
2026-08-12T20:03:52.055+05:30  INFO 4736 --- [firstSpringBoot] [main] c.R.f.FirstSprintBootApplicationTests    : Started FirstSprintBootApplicationTests in 1.022 seconds (process running for 1.499)
2026-08-12T20:04:02.854+05:30  INFO 5018 --- [firstSpringBoot] [restartedMain] c.R.f.FirstSprintBootApplication         : Starting FirstSprintBootApplication using Java 26.0.2 with PID 5018 (/home/r4ghuveer/SpringBoot/firstSpringBoot/target/classes started by r4ghuveer in /home/r4ghuveer/SpringBoot/firstSpringBoot)
2026-08-12T20:04:02.856+05:30  INFO 5018 --- [firstSpringBoot] [restartedMain] c.R.f.FirstSprintBootApplication         : No active profile set, falling back to 1 default profile: "default"
2026-08-12T20:04:02.886+05:30  INFO 5018 --- [firstSpringBoot] [restartedMain] .e.DevToolsPropertyDefaultsPostProcessor : Devtools property defaults active! Set 'spring.devtools.add-properties' to 'false' to disable
2026-08-12T20:04:02.886+05:30  INFO 5018 --- [firstSpringBoot] [restartedMain] .e.DevToolsPropertyDefaultsPostProcessor : For additional web related logging consider setting the 'logging.level.web' property to 'DEBUG'
2026-08-12T20:04:03.353+05:30  INFO 5018 --- [firstSpringBoot] [restartedMain] o.s.boot.tomcat.TomcatWebServer          : Tomcat initialized with port 8080 (http)
2026-08-12T20:04:03.367+05:30  INFO 5018 --- [firstSpringBoot] [restartedMain] o.apache.catalina.core.StandardService   : Starting service [Tomcat]
2026-08-12T20:04:03.367+05:30  INFO 5018 --- [firstSpringBoot] [restartedMain] o.apache.catalina.core.StandardEngine    : Starting Servlet engine: [Apache Tomcat/11.0.22]
2026-08-12T20:04:03.383+05:30  INFO 5018 --- [firstSpringBoot] [restartedMain] b.w.c.s.WebApplicationContextInitializer : Root WebApplicationContext: initialization completed in 496 ms
2026-08-12T20:04:03.603+05:30  INFO 5018 --- [firstSpringBoot] [restartedMain] r$InitializeUserDetailsManagerConfigurer : Global AuthenticationManager configured with UserDetailsService bean with name inMemoryUserDetailsManager
2026-08-12T20:04:03.663+05:30  INFO 5018 --- [firstSpringBoot] [restartedMain] o.s.b.a.e.web.EndpointLinksResolver      : Exposing 4 endpoints beneath base path '/actuator'
2026-08-12T20:04:03.728+05:30  INFO 5018 --- [firstSpringBoot] [restartedMain] o.s.boot.tomcat.TomcatWebServer          : Tomcat started on port 8080 (http) with context path '/'
2026-08-12T20:04:03.732+05:30  INFO 5018 --- [firstSpringBoot] [restartedMain] c.R.f.FirstSprintBootApplication         : Started FirstSprintBootApplication in 1.062 seconds (process running for 1.229)
2026-08-12T20:04:04.087+05:30  INFO 5094 --- [firstSpringBoot] [main] c.R.f.FirstSprintBootApplicationTests    : Starting FirstSprintBootApplicationTests using Java 26.0.2 with PID 5094 (started by r4ghuveer in /home/r4ghuveer/SpringBoot/firstSpringBoot)
2026-08-12T20:04:04.088+05:30  INFO 5094 --- [firstSpringBoot] [main] c.R.f.FirstSprintBootApplicationTests    : No active profile set, falling back to 1 default profile: "default"
2026-08-12T20:04:04.686+05:30  INFO 5094 --- [firstSpringBoot] [main] r$InitializeUserDetailsManagerConfigurer : Global AuthenticationManager configured with UserDetailsService bean with name inMemoryUserDetailsManager
2026-08-12T20:04:04.776+05:30  INFO 5094 --- [firstSpringBoot] [main] o.s.b.a.e.web.EndpointLinksResolver      : Exposing 4 endpoints beneath base path '/actuator'
2026-08-12T20:04:04.801+05:30  INFO 5018 --- [firstSpringBoot] [http-nio-8080-exec-1] o.a.c.c.C.[Tomcat].[localhost].[/]       : Initializing Spring DispatcherServlet 'dispatcherServlet'
2026-08-12T20:04:04.801+05:30  INFO 5018 --- [firstSpringBoot] [http-nio-8080-exec-1] o.s.web.servlet.DispatcherServlet        : Initializing Servlet 'dispatcherServlet'
2026-08-12T20:04:04.802+05:30  INFO 5018 --- [firstSpringBoot] [http-nio-8080-exec-1] o.s.web.servlet.DispatcherServlet        : Completed initialization in 1 ms
2026-08-12T20:04:04.902+05:30  INFO 5094 --- [firstSpringBoot] [main] c.R.f.FirstSprintBootApplicationTests    : Started FirstSprintBootApplicationTests in 0.95 seconds (process running for 1.407)
2026-08-12T20:05:06.049+05:30  INFO 5018 --- [firstSpringBoot] [File Watcher] rtingClassPathChangeChangedEventListener : Restarting due to 7 class path changes (2 additions, 2 deletions, 3 modifications)
2026-08-12T20:05:06.053+05:30  INFO 5018 --- [firstSpringBoot] [Thread-1] o.s.boot.tomcat.GracefulShutdown         : Commencing graceful shutdown. Waiting for active requests to complete
2026-08-12T20:05:06.056+05:30  INFO 5018 --- [firstSpringBoot] [tomcat-shutdown] o.s.boot.tomcat.GracefulShutdown         : Graceful shutdown complete
2026-08-12T20:05:06.102+05:30  INFO 5018 --- [firstSpringBoot] [restartedMain] c.R.f.FirstSprintBootApplication         : Starting FirstSprintBootApplication using Java 26.0.2 with PID 5018 (/home/r4ghuveer/SpringBoot/firstSpringBoot/target/classes started by r4ghuveer in /home/r4ghuveer/SpringBoot/firstSpringBoot)
2026-08-12T20:05:06.102+05:30  INFO 5018 --- [firstSpringBoot] [restartedMain] c.R.f.FirstSprintBootApplication         : No active profile set, falling back to 1 default profile: "default"
2026-08-12T20:05:06.184+05:30  INFO 5018 --- [firstSpringBoot] [restartedMain] o.s.boot.tomcat.TomcatWebServer          : Tomcat initialized with port 8080 (http)
2026-08-12T20:05:06.185+05:30  INFO 5018 --- [firstSpringBoot] [restartedMain] o.apache.catalina.core.StandardService   : Starting service [Tomcat]
2026-08-12T20:05:06.185+05:30  INFO 5018 --- [firstSpringBoot] [restartedMain] o.apache.catalina.core.StandardEngine    : Starting Servlet engine: [Apache Tomcat/11.0.22]
2026-08-12T20:05:06.187+05:30  INFO 5018 --- [firstSpringBoot] [restartedMain] b.w.c.s.WebApplicationContextInitializer : Root WebApplicationContext: initialization completed in 84 ms
2026-08-12T20:05:06.232+05:30  INFO 5018 --- [firstSpringBoot] [restartedMain] r$InitializeUserDetailsManagerConfigurer : Global AuthenticationManager configured with UserDetailsService bean with name inMemoryUserDetailsManager
2026-08-12T20:05:06.247+05:30  INFO 5018 --- [firstSpringBoot] [restartedMain] o.s.b.a.e.web.EndpointLinksResolver      : Exposing 4 endpoints beneath base path '/actuator'
2026-08-12T20:05:06.256+05:30  INFO 5018 --- [firstSpringBoot] [restartedMain] o.s.boot.tomcat.TomcatWebServer          : Tomcat started on port 8080 (http) with context path '/'
2026-08-12T20:05:06.258+05:30  INFO 5018 --- [firstSpringBoot] [restartedMain] c.R.f.FirstSprintBootApplication         : Started FirstSprintBootApplication in 0.166 seconds (process running for 63.756)
2026-08-12T20:05:06.259+05:30  INFO 5018 --- [firstSpringBoot] [restartedMain] .ConditionEvaluationDeltaLoggingListener : Condition evaluation unchanged
2026-08-12T20:05:07.633+05:30  INFO 5018 --- [firstSpringBoot] [File Watcher] rtingClassPathChangeChangedEventListener : Restarting due to 2 class path changes (0 additions, 2 deletions, 0 modifications)
2026-08-12T20:05:07.636+05:30  INFO 5018 --- [firstSpringBoot] [Thread-5] o.s.boot.tomcat.GracefulShutdown         : Commencing graceful shutdown. Waiting for active requests to complete
2026-08-12T20:05:07.643+05:30  INFO 5018 --- [firstSpringBoot] [tomcat-shutdown] o.s.boot.tomcat.GracefulShutdown         : Graceful shutdown complete
2026-08-12T20:05:07.710+05:30  INFO 5018 --- [firstSpringBoot] [restartedMain] c.R.f.FirstSprintBootApplication         : Starting FirstSprintBootApplication using Java 26.0.2 with PID 5018 (/home/r4ghuveer/SpringBoot/firstSpringBoot/target/classes started by r4ghuveer in /home/r4ghuveer/SpringBoot/firstSpringBoot)
2026-08-12T20:05:07.710+05:30  INFO 5018 --- [firstSpringBoot] [restartedMain] c.R.f.FirstSprintBootApplication         : No active profile set, falling back to 1 default profile: "default"
2026-08-12T20:05:07.780+05:30  INFO 5018 --- [firstSpringBoot] [restartedMain] o.s.boot.tomcat.TomcatWebServer          : Tomcat initialized with port 8080 (http)
2026-08-12T20:05:07.780+05:30  INFO 5018 --- [firstSpringBoot] [restartedMain] o.apache.catalina.core.StandardService   : Starting service [Tomcat]
2026-08-12T20:05:07.781+05:30  INFO 5018 --- [firstSpringBoot] [restartedMain] o.apache.catalina.core.StandardEngine    : Starting Servlet engine: [Apache Tomcat/11.0.22]
2026-08-12T20:05:07.783+05:30  INFO 5018 --- [firstSpringBoot] [restartedMain] b.w.c.s.WebApplicationContextInitializer : Root WebApplicationContext: initialization completed in 72 ms
2026-08-12T20:05:07.817+05:30  INFO 5018 --- [firstSpringBoot] [restartedMain] r$InitializeUserDetailsManagerConfigurer : Global AuthenticationManager configured with UserDetailsService bean with name inMemoryUserDetailsManager
2026-08-12T20:05:07.834+05:30  INFO 5018 --- [firstSpringBoot] [restartedMain] o.s.b.a.e.web.EndpointLinksResolver      : Exposing 4 endpoints beneath base path '/actuator'
2026-08-12T20:05:07.843+05:30  INFO 5018 --- [firstSpringBoot] [restartedMain] o.s.boot.tomcat.TomcatWebServer          : Tomcat started on port 8080 (http) with context path '/'
2026-08-12T20:05:07.844+05:30  INFO 5018 --- [firstSpringBoot] [restartedMain] c.R.f.FirstSprintBootApplication         : Started FirstSprintBootApplication in 0.151 seconds (process running for 65.342)
2026-08-12T20:05:07.845+05:30  INFO 5018 --- [firstSpringBoot] [restartedMain] .ConditionEvaluationDeltaLoggingListener : Condition evaluation unchanged
2026-08-12T20:05:28.232+05:30  INFO 5018 --- [firstSpringBoot] [File Watcher] rtingClassPathChangeChangedEventListener : Restarting due to 1 class path change (0 additions, 0 deletions, 1 modification)
2026-08-12T20:05:28.233+05:30  INFO 5018 --- [firstSpringBoot] [Thread-9] o.s.boot.tomcat.GracefulShutdown         : Commencing graceful shutdown. Waiting for active requests to complete
2026-08-12T20:05:28.234+05:30  INFO 5018 --- [firstSpringBoot] [tomcat-shutdown] o.s.boot.tomcat.GracefulShutdown         : Graceful shutdown complete
2026-08-12T20:05:28.268+05:30  INFO 5018 --- [firstSpringBoot] [restartedMain] c.R.f.FirstSprintBootApplication         : Starting FirstSprintBootApplication using Java 26.0.2 with PID 5018 (/home/r4ghuveer/SpringBoot/firstSpringBoot/target/classes started by r4ghuveer in /home/r4ghuveer/SpringBoot/firstSpringBoot)
2026-08-12T20:05:28.269+05:30  INFO 5018 --- [firstSpringBoot] [restartedMain] c.R.f.FirstSprintBootApplication         : No active profile set, falling back to 1 default profile: "default"
2026-08-12T20:05:28.345+05:30  INFO 5018 --- [firstSpringBoot] [restartedMain] o.s.boot.tomcat.TomcatWebServer          : Tomcat initialized with port 8080 (http)
2026-08-12T20:05:28.346+05:30  INFO 5018 --- [firstSpringBoot] [restartedMain] o.apache.catalina.core.StandardService   : Starting service [Tomcat]
2026-08-12T20:05:28.346+05:30  INFO 5018 --- [firstSpringBoot] [restartedMain] o.apache.catalina.core.StandardEngine    : Starting Servlet engine: [Apache Tomcat/11.0.22]
2026-08-12T20:05:28.348+05:30  INFO 5018 --- [firstSpringBoot] [restartedMain] b.w.c.s.WebApplicationContextInitializer : Root WebApplicationContext: initialization completed in 79 ms
2026-08-12T20:05:28.385+05:30  INFO 5018 --- [firstSpringBoot] [restartedMain] r$InitializeUserDetailsManagerConfigurer : Global AuthenticationManager configured with UserDetailsService bean with name inMemoryUserDetailsManager
2026-08-12T20:05:28.407+05:30  INFO 5018 --- [firstSpringBoot] [restartedMain] o.s.b.a.e.web.EndpointLinksResolver      : Exposing 4 endpoints beneath base path '/actuator'
2026-08-12T20:05:28.422+05:30  INFO 5018 --- [firstSpringBoot] [restartedMain] o.s.boot.tomcat.TomcatWebServer          : Tomcat started on port 8080 (http) with context path '/'
2026-08-12T20:05:28.423+05:30  INFO 5018 --- [firstSpringBoot] [restartedMain] c.R.f.FirstSprintBootApplication         : Started FirstSprintBootApplication in 0.162 seconds (process running for 85.921)
2026-08-12T20:05:28.424+05:30  INFO 5018 --- [firstSpringBoot] [restartedMain] .ConditionEvaluationDeltaLoggingListener : Condition evaluation unchanged
2026-08-12T20:05:31.800+05:30  INFO 5018 --- [firstSpringBoot] [http-nio-8080-exec-1] o.a.c.c.C.[Tomcat].[localhost].[/]       : Initializing Spring DispatcherServlet 'dispatcherServlet'
2026-08-12T20:05:31.800+05:30  INFO 5018 --- [firstSpringBoot] [http-nio-8080-exec-1] o.s.web.servlet.DispatcherServlet        : Initializing Servlet 'dispatcherServlet'
2026-08-12T20:05:31.801+05:30  INFO 5018 --- [firstSpringBoot] [http-nio-8080-exec-1] o.s.web.servlet.DispatcherServlet        : Completed initialization in 1 ms
2026-08-12T20:06:53.852+05:30  INFO 5018 --- [firstSpringBoot] [File Watcher] rtingClassPathChangeChangedEventListener : Restarting due to 1 class path change (0 additions, 0 deletions, 1 modification)
2026-08-12T20:06:53.854+05:30  INFO 5018 --- [firstSpringBoot] [Thread-13] o.s.boot.tomcat.GracefulShutdown         : Commencing graceful shutdown. Waiting for active requests to complete
2026-08-12T20:06:53.856+05:30  INFO 5018 --- [firstSpringBoot] [tomcat-shutdown] o.s.boot.tomcat.GracefulShutdown         : Graceful shutdown complete
2026-08-12T20:06:53.921+05:30  INFO 5018 --- [firstSpringBoot] [restartedMain] c.R.f.FirstSprintBootApplication         : Starting FirstSprintBootApplication using Java 26.0.2 with PID 5018 (/home/r4ghuveer/SpringBoot/firstSpringBoot/target/classes started by r4ghuveer in /home/r4ghuveer/SpringBoot/firstSpringBoot)
2026-08-12T20:06:53.922+05:30  INFO 5018 --- [firstSpringBoot] [restartedMain] c.R.f.FirstSprintBootApplication         : No active profile set, falling back to 1 default profile: "default"
2026-08-12T20:06:53.986+05:30  INFO 5018 --- [firstSpringBoot] [restartedMain] o.s.boot.tomcat.TomcatWebServer          : Tomcat initialized with port 8080 (http)
2026-08-12T20:06:53.987+05:30  INFO 5018 --- [firstSpringBoot] [restartedMain] o.apache.catalina.core.StandardService   : Starting service [Tomcat]
2026-08-12T20:06:53.987+05:30  INFO 5018 --- [firstSpringBoot] [restartedMain] o.apache.catalina.core.StandardEngine    : Starting Servlet engine: [Apache Tomcat/11.0.22]
2026-08-12T20:06:53.989+05:30  INFO 5018 --- [firstSpringBoot] [restartedMain] b.w.c.s.WebApplicationContextInitializer : Root WebApplicationContext: initialization completed in 67 ms
2026-08-12T20:06:54.024+05:30  INFO 5018 --- [firstSpringBoot] [restartedMain] r$InitializeUserDetailsManagerConfigurer : Global AuthenticationManager configured with UserDetailsService bean with name inMemoryUserDetailsManager
2026-08-12T20:06:54.038+05:30  INFO 5018 --- [firstSpringBoot] [restartedMain] o.s.b.a.e.web.EndpointLinksResolver      : Exposing 4 endpoints beneath base path '/actuator'
2026-08-12T20:06:54.046+05:30  INFO 5018 --- [firstSpringBoot] [restartedMain] o.s.boot.tomcat.TomcatWebServer          : Tomcat started on port 8080 (http) with context path '/'
2026-08-12T20:06:54.047+05:30  INFO 5018 --- [firstSpringBoot] [restartedMain] c.R.f.FirstSprintBootApplication         : Started FirstSprintBootApplication in 0.14 seconds (process running for 171.545)
2026-08-12T20:06:54.048+05:30  INFO 5018 --- [firstSpringBoot] [restartedMain] .ConditionEvaluationDeltaLoggingListener : Condition evaluation unchanged
2026-08-12T20:07:44.464+05:30  INFO 5018 --- [firstSpringBoot] [File Watcher] rtingClassPathChangeChangedEventListener : Restarting due to 1 class path change (1 addition, 0 deletions, 0 modifications)
2026-08-12T20:07:44.465+05:30  INFO 5018 --- [firstSpringBoot] [Thread-17] o.s.boot.tomcat.GracefulShutdown         : Commencing graceful shutdown. Waiting for active requests to complete
2026-08-12T20:07:44.466+05:30  INFO 5018 --- [firstSpringBoot] [tomcat-shutdown] o.s.boot.tomcat.GracefulShutdown         : Graceful shutdown complete
2026-08-12T20:08:08.937+05:30  INFO 5018 --- [firstSpringBoot] [restartedMain] c.R.f.FirstSprintBootApplication         : Starting FirstSprintBootApplication using Java 26.0.2 with PID 5018 (/home/r4ghuveer/SpringBoot/firstSpringBoot/target/classes started by r4ghuveer in /home/r4ghuveer/SpringBoot/firstSpringBoot)
2026-08-12T20:08:08.937+05:30  INFO 5018 --- [firstSpringBoot] [restartedMain] c.R.f.FirstSprintBootApplication         : No active profile set, falling back to 1 default profile: "default"
2026-08-12T20:08:09.004+05:30  INFO 5018 --- [firstSpringBoot] [restartedMain] o.s.boot.tomcat.TomcatWebServer          : Tomcat initialized with port 8080 (http)
2026-08-12T20:08:09.004+05:30  INFO 5018 --- [firstSpringBoot] [restartedMain] o.apache.catalina.core.StandardService   : Starting service [Tomcat]
2026-08-12T20:08:09.004+05:30  INFO 5018 --- [firstSpringBoot] [restartedMain] o.apache.catalina.core.StandardEngine    : Starting Servlet engine: [Apache Tomcat/11.0.22]
2026-08-12T20:08:09.006+05:30  INFO 5018 --- [firstSpringBoot] [restartedMain] b.w.c.s.WebApplicationContextInitializer : Root WebApplicationContext: initialization completed in 68 ms
2026-08-12T20:08:09.041+05:30  INFO 5018 --- [firstSpringBoot] [restartedMain] r$InitializeUserDetailsManagerConfigurer : Global AuthenticationManager configured with UserDetailsService bean with name inMemoryUserDetailsManager
2026-08-12T20:08:09.055+05:30  INFO 5018 --- [firstSpringBoot] [restartedMain] o.s.b.a.e.web.EndpointLinksResolver      : Exposing 4 endpoints beneath base path '/actuator'
2026-08-12T20:08:09.064+05:30  INFO 5018 --- [firstSpringBoot] [restartedMain] o.s.boot.tomcat.TomcatWebServer          : Tomcat started on port 8080 (http) with context path '/'
2026-08-12T20:08:09.065+05:30  INFO 5018 --- [firstSpringBoot] [restartedMain] c.R.f.FirstSprintBootApplication         : Started FirstSprintBootApplication in 0.143 seconds (process running for 246.563)
2026-08-12T20:08:09.066+05:30  INFO 5018 --- [firstSpringBoot] [restartedMain] .ConditionEvaluationDeltaLoggingListener : Condition evaluation unchanged
2026-08-12T20:08:12.442+05:30  INFO 5018 --- [firstSpringBoot] [File Watcher] rtingClassPathChangeChangedEventListener : Restarting due to 1 class path change (0 additions, 0 deletions, 1 modification)
2026-08-12T20:08:12.443+05:30  INFO 5018 --- [firstSpringBoot] [Thread-21] o.s.boot.tomcat.GracefulShutdown         : Commencing graceful shutdown. Waiting for active requests to complete
2026-08-12T20:08:12.443+05:30  INFO 5018 --- [firstSpringBoot] [tomcat-shutdown] o.s.boot.tomcat.GracefulShutdown         : Graceful shutdown complete
2026-08-12T20:08:12.479+05:30  INFO 5018 --- [firstSpringBoot] [restartedMain] c.R.f.FirstSprintBootApplication         : Starting FirstSprintBootApplication using Java 26.0.2 with PID 5018 (/home/r4ghuveer/SpringBoot/firstSpringBoot/target/classes started by r4ghuveer in /home/r4ghuveer/SpringBoot/firstSpringBoot)
2026-08-12T20:08:12.479+05:30  INFO 5018 --- [firstSpringBoot] [restartedMain] c.R.f.FirstSprintBootApplication         : No active profile set, falling back to 1 default profile: "default"
2026-08-12T20:08:12.549+05:30  INFO 5018 --- [firstSpringBoot] [restartedMain] o.s.boot.tomcat.TomcatWebServer          : Tomcat initialized with port 8080 (http)
2026-08-12T20:08:12.549+05:30  INFO 5018 --- [firstSpringBoot] [restartedMain] o.apache.catalina.core.StandardService   : Starting service [Tomcat]
2026-08-12T20:08:12.549+05:30  INFO 5018 --- [firstSpringBoot] [restartedMain] o.apache.catalina.core.StandardEngine    : Starting Servlet engine: [Apache Tomcat/11.0.22]
2026-08-12T20:08:12.551+05:30  INFO 5018 --- [firstSpringBoot] [restartedMain] b.w.c.s.WebApplicationContextInitializer : Root WebApplicationContext: initialization completed in 70 ms
2026-08-12T20:08:12.588+05:30  INFO 5018 --- [firstSpringBoot] [restartedMain] r$InitializeUserDetailsManagerConfigurer : Global AuthenticationManager configured with UserDetailsService bean with name inMemoryUserDetailsManager
2026-08-12T20:08:12.606+05:30  INFO 5018 --- [firstSpringBoot] [restartedMain] o.s.b.a.e.web.EndpointLinksResolver      : Exposing 4 endpoints beneath base path '/actuator'
2026-08-12T20:08:12.615+05:30  INFO 5018 --- [firstSpringBoot] [restartedMain] o.s.boot.tomcat.TomcatWebServer          : Tomcat started on port 8080 (http) with context path '/'
2026-08-12T20:08:12.616+05:30  INFO 5018 --- [firstSpringBoot] [restartedMain] c.R.f.FirstSprintBootApplication         : Started FirstSprintBootApplication in 0.144 seconds (process running for 250.114)
2026-08-12T20:08:12.617+05:30  INFO 5018 --- [firstSpringBoot] [restartedMain] .ConditionEvaluationDeltaLoggingListener : Condition evaluation unchanged
2026-08-12T20:08:43.009+05:30  INFO 5018 --- [firstSpringBoot] [File Watcher] rtingClassPathChangeChangedEventListener : Restarting due to 1 class path change (1 addition, 0 deletions, 0 modifications)
2026-08-12T20:08:43.010+05:30  INFO 5018 --- [firstSpringBoot] [Thread-27] o.s.boot.tomcat.GracefulShutdown         : Commencing graceful shutdown. Waiting for active requests to complete
2026-08-12T20:08:43.011+05:30  INFO 5018 --- [firstSpringBoot] [tomcat-shutdown] o.s.boot.tomcat.GracefulShutdown         : Graceful shutdown complete
2026-08-12T20:08:43.054+05:30  INFO 5018 --- [firstSpringBoot] [restartedMain] c.R.f.FirstSprintBootApplication         : Starting FirstSprintBootApplication using Java 26.0.2 with PID 5018 (/home/r4ghuveer/SpringBoot/firstSpringBoot/target/classes started by r4ghuveer in /home/r4ghuveer/SpringBoot/firstSpringBoot)
2026-08-12T20:08:43.054+05:30  INFO 5018 --- [firstSpringBoot] [restartedMain] c.R.f.FirstSprintBootApplication         : No active profile set, falling back to 1 default profile: "default"
2026-08-12T20:08:43.120+05:30  INFO 5018 --- [firstSpringBoot] [restartedMain] o.s.boot.tomcat.TomcatWebServer          : Tomcat initialized with port 8080 (http)
2026-08-12T20:08:43.120+05:30  INFO 5018 --- [firstSpringBoot] [restartedMain] o.apache.catalina.core.StandardService   : Starting service [Tomcat]
2026-08-12T20:08:43.120+05:30  INFO 5018 --- [firstSpringBoot] [restartedMain] o.apache.catalina.core.StandardEngine    : Starting Servlet engine: [Apache Tomcat/11.0.22]
2026-08-12T20:08:43.122+05:30  INFO 5018 --- [firstSpringBoot] [restartedMain] b.w.c.s.WebApplicationContextInitializer : Root WebApplicationContext: initialization completed in 67 ms
2026-08-12T20:08:43.157+05:30  INFO 5018 --- [firstSpringBoot] [restartedMain] r$InitializeUserDetailsManagerConfigurer : Global AuthenticationManager configured with UserDetailsService bean with name inMemoryUserDetailsManager
2026-08-12T20:08:43.172+05:30  INFO 5018 --- [firstSpringBoot] [restartedMain] o.s.b.a.e.web.EndpointLinksResolver      : Exposing 4 endpoints beneath base path '/actuator'
2026-08-12T20:08:43.181+05:30  INFO 5018 --- [firstSpringBoot] [restartedMain] o.s.boot.tomcat.TomcatWebServer          : Tomcat started on port 8080 (http) with context path '/'
2026-08-12T20:08:43.182+05:30  INFO 5018 --- [firstSpringBoot] [restartedMain] c.R.f.FirstSprintBootApplication         : Started FirstSprintBootApplication in 0.136 seconds (process running for 280.68)
2026-08-12T20:08:43.183+05:30  INFO 5018 --- [firstSpringBoot] [restartedMain] .ConditionEvaluationDeltaLoggingListener : Condition evaluation unchanged
2026-08-12T20:08:43.806+05:30  INFO 6260 --- [firstSpringBoot] [main] c.R.f.FirstSprintBootApplicationTests    : Starting FirstSprintBootApplicationTests using Java 26.0.2 with PID 6260 (started by r4ghuveer in /home/r4ghuveer/SpringBoot/firstSpringBoot)
2026-08-12T20:08:43.807+05:30  INFO 6260 --- [firstSpringBoot] [main] c.R.f.FirstSprintBootApplicationTests    : No active profile set, falling back to 1 default profile: "default"
2026-08-12T20:08:44.396+05:30  INFO 6260 --- [firstSpringBoot] [main] r$InitializeUserDetailsManagerConfigurer : Global AuthenticationManager configured with UserDetailsService bean with name inMemoryUserDetailsManager
2026-08-12T20:08:44.485+05:30  INFO 6260 --- [firstSpringBoot] [main] o.s.b.a.e.web.EndpointLinksResolver      : Exposing 4 endpoints beneath base path '/actuator'
2026-08-12T20:08:44.556+05:30  INFO 5018 --- [firstSpringBoot] [File Watcher] rtingClassPathChangeChangedEventListener : Restarting due to 4 class path changes (0 additions, 0 deletions, 4 modifications)
2026-08-12T20:08:44.558+05:30  INFO 5018 --- [firstSpringBoot] [Thread-31] o.s.boot.tomcat.GracefulShutdown         : Commencing graceful shutdown. Waiting for active requests to complete
2026-08-12T20:08:44.558+05:30  INFO 5018 --- [firstSpringBoot] [tomcat-shutdown] o.s.boot.tomcat.GracefulShutdown         : Graceful shutdown complete
2026-08-12T20:08:44.601+05:30  INFO 5018 --- [firstSpringBoot] [restartedMain] c.R.f.FirstSprintBootApplication         : Starting FirstSprintBootApplication using Java 26.0.2 with PID 5018 (/home/r4ghuveer/SpringBoot/firstSpringBoot/target/classes started by r4ghuveer in /home/r4ghuveer/SpringBoot/firstSpringBoot)
2026-08-12T20:08:44.601+05:30  INFO 5018 --- [firstSpringBoot] [restartedMain] c.R.f.FirstSprintBootApplication         : No active profile set, falling back to 1 default profile: "default"
2026-08-12T20:08:44.611+05:30  INFO 6260 --- [firstSpringBoot] [main] c.R.f.FirstSprintBootApplicationTests    : Started FirstSprintBootApplicationTests in 0.937 seconds (process running for 1.389)
2026-08-12T20:08:44.673+05:30  INFO 5018 --- [firstSpringBoot] [restartedMain] o.s.boot.tomcat.TomcatWebServer          : Tomcat initialized with port 8080 (http)
2026-08-12T20:08:44.674+05:30  INFO 5018 --- [firstSpringBoot] [restartedMain] o.apache.catalina.core.StandardService   : Starting service [Tomcat]
2026-08-12T20:08:44.674+05:30  INFO 5018 --- [firstSpringBoot] [restartedMain] o.apache.catalina.core.StandardEngine    : Starting Servlet engine: [Apache Tomcat/11.0.22]
2026-08-12T20:08:44.676+05:30  INFO 5018 --- [firstSpringBoot] [restartedMain] b.w.c.s.WebApplicationContextInitializer : Root WebApplicationContext: initialization completed in 74 ms
2026-08-12T20:08:44.709+05:30  INFO 5018 --- [firstSpringBoot] [restartedMain] r$InitializeUserDetailsManagerConfigurer : Global AuthenticationManager configured with UserDetailsService bean with name inMemoryUserDetailsManager
2026-08-12T20:08:44.723+05:30  INFO 5018 --- [firstSpringBoot] [restartedMain] o.s.b.a.e.web.EndpointLinksResolver      : Exposing 4 endpoints beneath base path '/actuator'
2026-08-12T20:08:44.731+05:30  INFO 5018 --- [firstSpringBoot] [restartedMain] o.s.boot.tomcat.TomcatWebServer          : Tomcat started on port 8080 (http) with context path '/'
2026-08-12T20:08:44.732+05:30  INFO 5018 --- [firstSpringBoot] [restartedMain] c.R.f.FirstSprintBootApplication         : Started FirstSprintBootApplication in 0.14 seconds (process running for 282.23)
2026-08-12T20:08:44.733+05:30  INFO 5018 --- [firstSpringBoot] [restartedMain] .ConditionEvaluationDeltaLoggingListener : Condition evaluation unchanged
2026-08-12T20:08:48.120+05:30  INFO 5018 --- [firstSpringBoot] [http-nio-8080-exec-1] o.a.c.c.C.[Tomcat].[localhost].[/]       : Initializing Spring DispatcherServlet 'dispatcherServlet'
2026-08-12T20:08:48.120+05:30  INFO 5018 --- [firstSpringBoot] [http-nio-8080-exec-1] o.s.web.servlet.DispatcherServlet        : Initializing Servlet 'dispatcherServlet'
2026-08-12T20:08:48.121+05:30  INFO 5018 --- [firstSpringBoot] [http-nio-8080-exec-1] o.s.web.servlet.DispatcherServlet        : Completed initialization in 1 ms
2026-08-12T20:09:21.366+05:30  INFO 6596 --- [firstSpringBoot] [main] c.R.f.FirstSprintBootApplicationTests    : Starting FirstSprintBootApplicationTests using Java 26.0.2 with PID 6596 (started by r4ghuveer in /home/r4ghuveer/SpringBoot/firstSpringBoot)
2026-08-12T20:09:21.368+05:30  INFO 6596 --- [firstSpringBoot] [main] c.R.f.FirstSprintBootApplicationTests    : No active profile set, falling back to 1 default profile: "default"
2026-08-12T20:09:21.532+05:30  INFO 5018 --- [firstSpringBoot] [File Watcher] rtingClassPathChangeChangedEventListener : Restarting due to 4 class path changes (0 additions, 0 deletions, 4 modifications)
2026-08-12T20:09:21.533+05:30  INFO 5018 --- [firstSpringBoot] [Thread-35] o.s.boot.tomcat.GracefulShutdown         : Commencing graceful shutdown. Waiting for active requests to complete
2026-08-12T20:09:21.534+05:30  INFO 5018 --- [firstSpringBoot] [tomcat-shutdown] o.s.boot.tomcat.GracefulShutdown         : Graceful shutdown complete
2026-08-12T20:09:21.576+05:30  INFO 5018 --- [firstSpringBoot] [restartedMain] c.R.f.FirstSprintBootApplication         : Starting FirstSprintBootApplication using Java 26.0.2 with PID 5018 (/home/r4ghuveer/SpringBoot/firstSpringBoot/target/classes started by r4ghuveer in /home/r4ghuveer/SpringBoot/firstSpringBoot)
2026-08-12T20:09:21.576+05:30  INFO 5018 --- [firstSpringBoot] [restartedMain] c.R.f.FirstSprintBootApplication         : No active profile set, falling back to 1 default profile: "default"
2026-08-12T20:09:21.646+05:30  INFO 5018 --- [firstSpringBoot] [restartedMain] o.s.boot.tomcat.TomcatWebServer          : Tomcat initialized with port 8080 (http)
2026-08-12T20:09:21.646+05:30  INFO 5018 --- [firstSpringBoot] [restartedMain] o.apache.catalina.core.StandardService   : Starting service [Tomcat]
2026-08-12T20:09:21.646+05:30  INFO 5018 --- [firstSpringBoot] [restartedMain] o.apache.catalina.core.StandardEngine    : Starting Servlet engine: [Apache Tomcat/11.0.22]
2026-08-12T20:09:21.648+05:30  INFO 5018 --- [firstSpringBoot] [restartedMain] b.w.c.s.WebApplicationContextInitializer : Root WebApplicationContext: initialization completed in 71 ms
2026-08-12T20:09:21.680+05:30  INFO 5018 --- [firstSpringBoot] [restartedMain] r$InitializeUserDetailsManagerConfigurer : Global AuthenticationManager configured with UserDetailsService bean with name inMemoryUserDetailsManager
2026-08-12T20:09:21.694+05:30  INFO 5018 --- [firstSpringBoot] [restartedMain] o.s.b.a.e.web.EndpointLinksResolver      : Exposing 4 endpoints beneath base path '/actuator'
2026-08-12T20:09:21.702+05:30  INFO 5018 --- [firstSpringBoot] [restartedMain] o.s.boot.tomcat.TomcatWebServer          : Tomcat started on port 8080 (http) with context path '/'
2026-08-12T20:09:21.703+05:30  INFO 5018 --- [firstSpringBoot] [restartedMain] c.R.f.FirstSprintBootApplication         : Started FirstSprintBootApplication in 0.136 seconds (process running for 319.201)
2026-08-12T20:09:21.704+05:30  INFO 5018 --- [firstSpringBoot] [restartedMain] .ConditionEvaluationDeltaLoggingListener : Condition evaluation unchanged
2026-08-12T20:09:21.787+05:30  INFO 5018 --- [firstSpringBoot] [http-nio-8080-exec-1] o.a.c.c.C.[Tomcat].[localhost].[/]       : Initializing Spring DispatcherServlet 'dispatcherServlet'
2026-08-12T20:09:21.787+05:30  INFO 5018 --- [firstSpringBoot] [http-nio-8080-exec-1] o.s.web.servlet.DispatcherServlet        : Initializing Servlet 'dispatcherServlet'
2026-08-12T20:09:21.787+05:30  INFO 5018 --- [firstSpringBoot] [http-nio-8080-exec-1] o.s.web.servlet.DispatcherServlet        : Completed initialization in 0 ms
2026-08-12T20:09:22.003+05:30  INFO 6596 --- [firstSpringBoot] [main] r$InitializeUserDetailsManagerConfigurer : Global AuthenticationManager configured with UserDetailsService bean with name inMemoryUserDetailsManager
2026-08-12T20:09:22.103+05:30  INFO 6596 --- [firstSpringBoot] [main] o.s.b.a.e.web.EndpointLinksResolver      : Exposing 4 endpoints beneath base path '/actuator'
2026-08-12T20:09:22.243+05:30  INFO 6596 --- [firstSpringBoot] [main] c.R.f.FirstSprintBootApplicationTests    : Started FirstSprintBootApplicationTests in 1.011 seconds (process running for 1.466)
2026-08-12T20:11:00.744+05:30  INFO 5018 --- [firstSpringBoot] [SpringApplicationShutdownHook] o.s.boot.tomcat.GracefulShutdown         : Commencing graceful shutdown. Waiting for active requests to complete
2026-08-12T20:11:00.746+05:30  INFO 5018 --- [firstSpringBoot] [tomcat-shutdown] o.s.boot.tomcat.GracefulShutdown         : Graceful shutdown complete
2026-08-12T20:11:03.317+05:30  INFO 6939 --- [firstSpringBoot] [restartedMain] c.R.f.FirstSprintBootApplication         : Starting FirstSprintBootApplication using Java 26.0.2 with PID 6939 (/home/r4ghuveer/SpringBoot/firstSpringBoot/target/classes started by r4ghuveer in /home/r4ghuveer/SpringBoot/firstSpringBoot)
2026-08-12T20:11:03.319+05:30  INFO 6939 --- [firstSpringBoot] [restartedMain] c.R.f.FirstSprintBootApplication         : No active profile set, falling back to 1 default profile: "default"
2026-08-12T20:11:03.343+05:30  INFO 6939 --- [firstSpringBoot] [restartedMain] .e.DevToolsPropertyDefaultsPostProcessor : Devtools property defaults active! Set 'spring.devtools.add-properties' to 'false' to disable
2026-08-12T20:11:03.344+05:30  INFO 6939 --- [firstSpringBoot] [restartedMain] .e.DevToolsPropertyDefaultsPostProcessor : For additional web related logging consider setting the 'logging.level.web' property to 'DEBUG'
2026-08-12T20:11:03.834+05:30  INFO 6939 --- [firstSpringBoot] [restartedMain] o.s.boot.tomcat.TomcatWebServer          : Tomcat initialized with port 8080 (http)
2026-08-12T20:11:03.840+05:30  INFO 6939 --- [firstSpringBoot] [restartedMain] o.apache.catalina.core.StandardService   : Starting service [Tomcat]
2026-08-12T20:11:03.841+05:30  INFO 6939 --- [firstSpringBoot] [restartedMain] o.apache.catalina.core.StandardEngine    : Starting Servlet engine: [Apache Tomcat/11.0.22]
2026-08-12T20:11:03.853+05:30  INFO 6939 --- [firstSpringBoot] [restartedMain] b.w.c.s.WebApplicationContextInitializer : Root WebApplicationContext: initialization completed in 509 ms
2026-08-12T20:11:04.078+05:30  INFO 6939 --- [firstSpringBoot] [restartedMain] r$InitializeUserDetailsManagerConfigurer : Global AuthenticationManager configured with UserDetailsService bean with name inMemoryUserDetailsManager
2026-08-12T20:11:04.132+05:30  INFO 6939 --- [firstSpringBoot] [restartedMain] o.s.b.a.e.web.EndpointLinksResolver      : Exposing 4 endpoints beneath base path '/actuator'
2026-08-12T20:11:04.186+05:30  INFO 6939 --- [firstSpringBoot] [restartedMain] o.s.boot.tomcat.TomcatWebServer          : Tomcat started on port 8080 (http) with context path '/'
2026-08-12T20:11:04.190+05:30  INFO 6939 --- [firstSpringBoot] [restartedMain] c.R.f.FirstSprintBootApplication         : Started FirstSprintBootApplication in 1.065 seconds (process running for 1.234)
2026-08-12T20:11:04.556+05:30  INFO 7009 --- [firstSpringBoot] [main] c.R.f.FirstSprintBootApplicationTests    : Starting FirstSprintBootApplicationTests using Java 26.0.2 with PID 7009 (started by r4ghuveer in /home/r4ghuveer/SpringBoot/firstSpringBoot)
2026-08-12T20:11:04.557+05:30  INFO 7009 --- [firstSpringBoot] [main] c.R.f.FirstSprintBootApplicationTests    : No active profile set, falling back to 1 default profile: "default"
2026-08-12T20:11:05.145+05:30  INFO 7009 --- [firstSpringBoot] [main] r$InitializeUserDetailsManagerConfigurer : Global AuthenticationManager configured with UserDetailsService bean with name inMemoryUserDetailsManager
2026-08-12T20:11:05.217+05:30  INFO 6939 --- [firstSpringBoot] [http-nio-8080-exec-1] o.a.c.c.C.[Tomcat].[localhost].[/]       : Initializing Spring DispatcherServlet 'dispatcherServlet'
2026-08-12T20:11:05.218+05:30  INFO 6939 --- [firstSpringBoot] [http-nio-8080-exec-1] o.s.web.servlet.DispatcherServlet        : Initializing Servlet 'dispatcherServlet'
2026-08-12T20:11:05.219+05:30  INFO 6939 --- [firstSpringBoot] [http-nio-8080-exec-1] o.s.web.servlet.DispatcherServlet        : Completed initialization in 1 ms
2026-08-12T20:11:05.247+05:30  INFO 7009 --- [firstSpringBoot] [main] o.s.b.a.e.web.EndpointLinksResolver      : Exposing 4 endpoints beneath base path '/actuator'
2026-08-12T20:11:05.367+05:30  INFO 7009 --- [firstSpringBoot] [main] c.R.f.FirstSprintBootApplicationTests    : Started FirstSprintBootApplicationTests in 0.947 seconds (process running for 1.41)
2026-08-12T20:12:08.529+05:30  INFO 6939 --- [firstSpringBoot] [File Watcher] rtingClassPathChangeChangedEventListener : Restarting due to 1 class path change (0 additions, 0 deletions, 1 modification)
2026-08-12T20:12:08.532+05:30  INFO 6939 --- [firstSpringBoot] [Thread-1] o.s.boot.tomcat.GracefulShutdown         : Commencing graceful shutdown. Waiting for active requests to complete
2026-08-12T20:12:08.535+05:30  INFO 6939 --- [firstSpringBoot] [tomcat-shutdown] o.s.boot.tomcat.GracefulShutdown         : Graceful shutdown complete
2026-08-12T20:12:08.576+05:30  INFO 6939 --- [firstSpringBoot] [restartedMain] c.R.f.FirstSprintBootApplication         : Starting FirstSprintBootApplication using Java 26.0.2 with PID 6939 (/home/r4ghuveer/SpringBoot/firstSpringBoot/target/classes started by r4ghuveer in /home/r4ghuveer/SpringBoot/firstSpringBoot)
2026-08-12T20:12:08.576+05:30  INFO 6939 --- [firstSpringBoot] [restartedMain] c.R.f.FirstSprintBootApplication         : No active profile set, falling back to 1 default profile: "default"
2026-08-12T20:12:08.662+05:30  INFO 6939 --- [firstSpringBoot] [restartedMain] o.s.boot.tomcat.TomcatWebServer          : Tomcat initialized with port 8080 (http)
2026-08-12T20:12:08.662+05:30  INFO 6939 --- [firstSpringBoot] [restartedMain] o.apache.catalina.core.StandardService   : Starting service [Tomcat]
2026-08-12T20:12:08.662+05:30  INFO 6939 --- [firstSpringBoot] [restartedMain] o.apache.catalina.core.StandardEngine    : Starting Servlet engine: [Apache Tomcat/11.0.22]
2026-08-12T20:12:08.665+05:30  INFO 6939 --- [firstSpringBoot] [restartedMain] b.w.c.s.WebApplicationContextInitializer : Root WebApplicationContext: initialization completed in 88 ms
2026-08-12T20:12:08.709+05:30  INFO 6939 --- [firstSpringBoot] [restartedMain] r$InitializeUserDetailsManagerConfigurer : Global AuthenticationManager configured with UserDetailsService bean with name inMemoryUserDetailsManager
2026-08-12T20:12:08.724+05:30  INFO 6939 --- [firstSpringBoot] [restartedMain] o.s.b.a.e.web.EndpointLinksResolver      : Exposing 4 endpoints beneath base path '/actuator'
2026-08-12T20:12:08.733+05:30  INFO 6939 --- [firstSpringBoot] [restartedMain] o.s.boot.tomcat.TomcatWebServer          : Tomcat started on port 8080 (http) with context path '/'
2026-08-12T20:12:08.734+05:30  INFO 6939 --- [firstSpringBoot] [restartedMain] c.R.f.FirstSprintBootApplication         : Started FirstSprintBootApplication in 0.167 seconds (process running for 65.779)
2026-08-12T20:12:08.735+05:30  INFO 6939 --- [firstSpringBoot] [restartedMain] .ConditionEvaluationDeltaLoggingListener : Condition evaluation unchanged
2026-08-12T20:12:09.219+05:30  INFO 7286 --- [firstSpringBoot] [main] c.R.f.FirstSprintBootApplicationTests    : Starting FirstSprintBootApplicationTests using Java 26.0.2 with PID 7286 (started by r4ghuveer in /home/r4ghuveer/SpringBoot/firstSpringBoot)
2026-08-12T20:12:09.219+05:30  INFO 7286 --- [firstSpringBoot] [main] c.R.f.FirstSprintBootApplicationTests    : No active profile set, falling back to 1 default profile: "default"
2026-08-12T20:12:09.813+05:30  INFO 7286 --- [firstSpringBoot] [main] r$InitializeUserDetailsManagerConfigurer : Global AuthenticationManager configured with UserDetailsService bean with name inMemoryUserDetailsManager
2026-08-12T20:12:09.906+05:30  INFO 7286 --- [firstSpringBoot] [main] o.s.b.a.e.web.EndpointLinksResolver      : Exposing 4 endpoints beneath base path '/actuator'
2026-08-12T20:12:10.049+05:30  INFO 7286 --- [firstSpringBoot] [main] c.R.f.FirstSprintBootApplicationTests    : Started FirstSprintBootApplicationTests in 0.968 seconds (process running for 1.421)
2026-08-12T20:12:10.106+05:30  INFO 6939 --- [firstSpringBoot] [File Watcher] rtingClassPathChangeChangedEventListener : Restarting due to 4 class path changes (0 additions, 0 deletions, 4 modifications)
2026-08-12T20:12:10.107+05:30  INFO 6939 --- [firstSpringBoot] [Thread-5] o.s.boot.tomcat.GracefulShutdown         : Commencing graceful shutdown. Waiting for active requests to complete
2026-08-12T20:12:10.107+05:30  INFO 6939 --- [firstSpringBoot] [tomcat-shutdown] o.s.boot.tomcat.GracefulShutdown         : Graceful shutdown complete
2026-08-12T20:12:10.151+05:30  INFO 6939 --- [firstSpringBoot] [restartedMain] c.R.f.FirstSprintBootApplication         : Starting FirstSprintBootApplication using Java 26.0.2 with PID 6939 (/home/r4ghuveer/SpringBoot/firstSpringBoot/target/classes started by r4ghuveer in /home/r4ghuveer/SpringBoot/firstSpringBoot)
2026-08-12T20:12:10.151+05:30  INFO 6939 --- [firstSpringBoot] [restartedMain] c.R.f.FirstSprintBootApplication         : No active profile set, falling back to 1 default profile: "default"
2026-08-12T20:12:10.222+05:30  INFO 6939 --- [firstSpringBoot] [restartedMain] o.s.boot.tomcat.TomcatWebServer          : Tomcat initialized with port 8080 (http)
2026-08-12T20:12:10.223+05:30  INFO 6939 --- [firstSpringBoot] [restartedMain] o.apache.catalina.core.StandardService   : Starting service [Tomcat]
2026-08-12T20:12:10.223+05:30  INFO 6939 --- [firstSpringBoot] [restartedMain] o.apache.catalina.core.StandardEngine    : Starting Servlet engine: [Apache Tomcat/11.0.22]
2026-08-12T20:12:10.225+05:30  INFO 6939 --- [firstSpringBoot] [restartedMain] b.w.c.s.WebApplicationContextInitializer : Root WebApplicationContext: initialization completed in 73 ms
2026-08-12T20:12:10.262+05:30  INFO 6939 --- [firstSpringBoot] [restartedMain] r$InitializeUserDetailsManagerConfigurer : Global AuthenticationManager configured with UserDetailsService bean with name inMemoryUserDetailsManager
2026-08-12T20:12:10.276+05:30  INFO 6939 --- [firstSpringBoot] [restartedMain] o.s.b.a.e.web.EndpointLinksResolver      : Exposing 4 endpoints beneath base path '/actuator'
2026-08-12T20:12:10.284+05:30  INFO 6939 --- [firstSpringBoot] [restartedMain] o.s.boot.tomcat.TomcatWebServer          : Tomcat started on port 8080 (http) with context path '/'
2026-08-12T20:12:10.286+05:30  INFO 6939 --- [firstSpringBoot] [restartedMain] c.R.f.FirstSprintBootApplication         : Started FirstSprintBootApplication in 0.145 seconds (process running for 67.33)
2026-08-12T20:12:10.286+05:30  INFO 6939 --- [firstSpringBoot] [restartedMain] .ConditionEvaluationDeltaLoggingListener : Condition evaluation unchanged
2026-08-12T20:12:13.223+05:30  INFO 6939 --- [firstSpringBoot] [http-nio-8080-exec-1] o.a.c.c.C.[Tomcat].[localhost].[/]       : Initializing Spring DispatcherServlet 'dispatcherServlet'
2026-08-12T20:12:13.224+05:30  INFO 6939 --- [firstSpringBoot] [http-nio-8080-exec-1] o.s.web.servlet.DispatcherServlet        : Initializing Servlet 'dispatcherServlet'
2026-08-12T20:12:13.225+05:30  INFO 6939 --- [firstSpringBoot] [http-nio-8080-exec-1] o.s.web.servlet.DispatcherServlet        : Completed initialization in 1 ms
2026-08-12T20:13:21.003+05:30  INFO 7564 --- [firstSpringBoot] [main] c.R.f.FirstSprintBootApplicationTests    : Starting FirstSprintBootApplicationTests using Java 26.0.2 with PID 7564 (started by r4ghuveer in /home/r4ghuveer/SpringBoot/firstSpringBoot)
2026-08-12T20:13:21.004+05:30  INFO 7564 --- [firstSpringBoot] [main] c.R.f.FirstSprintBootApplicationTests    : No active profile set, falling back to 1 default profile: "default"
2026-08-12T20:13:21.120+05:30  INFO 6939 --- [firstSpringBoot] [File Watcher] rtingClassPathChangeChangedEventListener : Restarting due to 4 class path changes (0 additions, 0 deletions, 4 modifications)
2026-08-12T20:13:21.121+05:30  INFO 6939 --- [firstSpringBoot] [Thread-9] o.s.boot.tomcat.GracefulShutdown         : Commencing graceful shutdown. Waiting for active requests to complete
2026-08-12T20:13:21.122+05:30  INFO 6939 --- [firstSpringBoot] [tomcat-shutdown] o.s.boot.tomcat.GracefulShutdown         : Graceful shutdown complete
2026-08-12T20:13:21.164+05:30  INFO 6939 --- [firstSpringBoot] [restartedMain] c.R.f.FirstSprintBootApplication         : Starting FirstSprintBootApplication using Java 26.0.2 with PID 6939 (/home/r4ghuveer/SpringBoot/firstSpringBoot/target/classes started by r4ghuveer in /home/r4ghuveer/SpringBoot/firstSpringBoot)
2026-08-12T20:13:21.164+05:30  INFO 6939 --- [firstSpringBoot] [restartedMain] c.R.f.FirstSprintBootApplication         : No active profile set, falling back to 1 default profile: "default"
2026-08-12T20:13:21.234+05:30  INFO 6939 --- [firstSpringBoot] [restartedMain] o.s.boot.tomcat.TomcatWebServer          : Tomcat initialized with port 8080 (http)
2026-08-12T20:13:21.235+05:30  INFO 6939 --- [firstSpringBoot] [restartedMain] o.apache.catalina.core.StandardService   : Starting service [Tomcat]
2026-08-12T20:13:21.235+05:30  INFO 6939 --- [firstSpringBoot] [restartedMain] o.apache.catalina.core.StandardEngine    : Starting Servlet engine: [Apache Tomcat/11.0.22]
2026-08-12T20:13:21.237+05:30  INFO 6939 --- [firstSpringBoot] [restartedMain] b.w.c.s.WebApplicationContextInitializer : Root WebApplicationContext: initialization completed in 72 ms
2026-08-12T20:13:21.275+05:30  INFO 6939 --- [firstSpringBoot] [restartedMain] r$InitializeUserDetailsManagerConfigurer : Global AuthenticationManager configured with UserDetailsService bean with name inMemoryUserDetailsManager
2026-08-12T20:13:21.289+05:30  INFO 6939 --- [firstSpringBoot] [restartedMain] o.s.b.a.e.web.EndpointLinksResolver      : Exposing 4 endpoints beneath base path '/actuator'
2026-08-12T20:13:21.297+05:30  INFO 6939 --- [firstSpringBoot] [restartedMain] o.s.boot.tomcat.TomcatWebServer          : Tomcat started on port 8080 (http) with context path '/'
2026-08-12T20:13:21.298+05:30  INFO 6939 --- [firstSpringBoot] [restartedMain] c.R.f.FirstSprintBootApplication         : Started FirstSprintBootApplication in 0.146 seconds (process running for 138.343)
2026-08-12T20:13:21.299+05:30  INFO 6939 --- [firstSpringBoot] [restartedMain] .ConditionEvaluationDeltaLoggingListener : Condition evaluation unchanged
2026-08-12T20:13:21.602+05:30  INFO 7564 --- [firstSpringBoot] [main] r$InitializeUserDetailsManagerConfigurer : Global AuthenticationManager configured with UserDetailsService bean with name inMemoryUserDetailsManager
2026-08-12T20:13:21.694+05:30  INFO 7564 --- [firstSpringBoot] [main] o.s.b.a.e.web.EndpointLinksResolver      : Exposing 4 endpoints beneath base path '/actuator'
2026-08-12T20:13:21.822+05:30  INFO 7564 --- [firstSpringBoot] [main] c.R.f.FirstSprintBootApplicationTests    : Started FirstSprintBootApplicationTests in 0.953 seconds (process running for 1.404)
2026-08-12T20:13:49.098+05:30  INFO 6939 --- [firstSpringBoot] [File Watcher] rtingClassPathChangeChangedEventListener : Restarting due to 4 class path changes (0 additions, 0 deletions, 4 modifications)
2026-08-12T20:13:49.101+05:30  INFO 6939 --- [firstSpringBoot] [Thread-13] o.s.boot.tomcat.GracefulShutdown         : Commencing graceful shutdown. Waiting for active requests to complete
2026-08-12T20:13:49.102+05:30  INFO 6939 --- [firstSpringBoot] [tomcat-shutdown] o.s.boot.tomcat.GracefulShutdown         : Graceful shutdown complete
2026-08-12T20:13:49.172+05:30  INFO 6939 --- [firstSpringBoot] [restartedMain] c.R.f.FirstSprintBootApplication         : Starting FirstSprintBootApplication using Java 26.0.2 with PID 6939 (/home/r4ghuveer/SpringBoot/firstSpringBoot/target/classes started by r4ghuveer in /home/r4ghuveer/SpringBoot/firstSpringBoot)
2026-08-12T20:13:49.172+05:30  INFO 6939 --- [firstSpringBoot] [restartedMain] c.R.f.FirstSprintBootApplication         : No active profile set, falling back to 1 default profile: "default"
2026-08-12T20:13:49.174+05:30  WARN 6939 --- [firstSpringBoot] [restartedMain] ConfigServletWebServerApplicationContext : Exception encountered during context initialization - cancelling refresh attempt: org.springframework.context.ApplicationContextException: Unable to start web server
2026-08-12T20:13:49.179+05:30 ERROR 6939 --- [firstSpringBoot] [restartedMain] o.s.b.d.LoggingFailureAnalysisReporter   : 

***************************
APPLICATION FAILED TO START
***************************

Description:

Web application could not be started as there was no org.springframework.boot.web.server.servlet.ServletWebServerFactory bean defined in the context.

Action:

Check your application's dependencies for a supported servlet web server.
Check the configured web application type.

2026-08-12T20:13:57.598+05:30  INFO 6939 --- [firstSpringBoot] [restartedMain] c.R.f.FirstSprintBootApplication         : Starting FirstSprintBootApplication using Java 26.0.2 with PID 6939 (/home/r4ghuveer/SpringBoot/firstSpringBoot/target/classes started by r4ghuveer in /home/r4ghuveer/SpringBoot/firstSpringBoot)
2026-08-12T20:13:57.598+05:30  INFO 6939 --- [firstSpringBoot] [restartedMain] c.R.f.FirstSprintBootApplication         : No active profile set, falling back to 1 default profile: "default"
2026-08-12T20:13:57.599+05:30  WARN 6939 --- [firstSpringBoot] [restartedMain] ConfigServletWebServerApplicationContext : Exception encountered during context initialization - cancelling refresh attempt: org.springframework.context.ApplicationContextException: Unable to start web server
2026-08-12T20:13:57.600+05:30 ERROR 6939 --- [firstSpringBoot] [restartedMain] o.s.b.d.LoggingFailureAnalysisReporter   : 

***************************
APPLICATION FAILED TO START
***************************

Description:

Web application could not be started as there was no org.springframework.boot.web.server.servlet.ServletWebServerFactory bean defined in the context.

Action:

Check your application's dependencies for a supported servlet web server.
Check the configured web application type.

2026-08-12T20:14:03.023+05:30  INFO 6939 --- [firstSpringBoot] [restartedMain] c.R.f.FirstSprintBootApplication         : Starting FirstSprintBootApplication using Java 26.0.2 with PID 6939 (/home/r4ghuveer/SpringBoot/firstSpringBoot/target/classes started by r4ghuveer in /home/r4ghuveer/SpringBoot/firstSpringBoot)
2026-08-12T20:14:03.023+05:30  INFO 6939 --- [firstSpringBoot] [restartedMain] c.R.f.FirstSprintBootApplication         : No active profile set, falling back to 1 default profile: "default"
2026-08-12T20:14:03.024+05:30  WARN 6939 --- [firstSpringBoot] [restartedMain] ConfigServletWebServerApplicationContext : Exception encountered during context initialization - cancelling refresh attempt: org.springframework.context.ApplicationContextException: Unable to start web server
2026-08-12T20:14:03.025+05:30 ERROR 6939 --- [firstSpringBoot] [restartedMain] o.s.b.d.LoggingFailureAnalysisReporter   : 

***************************
APPLICATION FAILED TO START
***************************

Description:

Web application could not be started as there was no org.springframework.boot.web.server.servlet.ServletWebServerFactory bean defined in the context.

Action:

Check your application's dependencies for a supported servlet web server.
Check the configured web application type.

2026-08-12T20:14:24.452+05:30  INFO 8272 --- [firstSpringBoot] [main] c.R.f.FirstSprintBootApplicationTests    : Starting FirstSprintBootApplicationTests using Java 26.0.2 with PID 8272 (started by r4ghuveer in /home/r4ghuveer/SpringBoot/firstSpringBoot)
2026-08-12T20:14:24.453+05:30  INFO 8272 --- [firstSpringBoot] [main] c.R.f.FirstSprintBootApplicationTests    : No active profile set, falling back to 1 default profile: "default"
2026-08-12T20:14:24.454+05:30  INFO 6939 --- [firstSpringBoot] [restartedMain] c.R.f.FirstSprintBootApplication         : Starting FirstSprintBootApplication using Java 26.0.2 with PID 6939 (/home/r4ghuveer/SpringBoot/firstSpringBoot/target/classes started by r4ghuveer in /home/r4ghuveer/SpringBoot/firstSpringBoot)
2026-08-12T20:14:24.454+05:30  INFO 6939 --- [firstSpringBoot] [restartedMain] c.R.f.FirstSprintBootApplication         : No active profile set, falling back to 1 default profile: "default"
2026-08-12T20:14:24.528+05:30  INFO 6939 --- [firstSpringBoot] [restartedMain] o.s.boot.tomcat.TomcatWebServer          : Tomcat initialized with port 8080 (http)
2026-08-12T20:14:24.528+05:30  INFO 6939 --- [firstSpringBoot] [restartedMain] o.apache.catalina.core.StandardService   : Starting service [Tomcat]
2026-08-12T20:14:24.528+05:30  INFO 6939 --- [firstSpringBoot] [restartedMain] o.apache.catalina.core.StandardEngine    : Starting Servlet engine: [Apache Tomcat/11.0.22]
2026-08-12T20:14:24.531+05:30  INFO 6939 --- [firstSpringBoot] [restartedMain] b.w.c.s.WebApplicationContextInitializer : Root WebApplicationContext: initialization completed in 76 ms
2026-08-12T20:14:24.542+05:30  WARN 6939 --- [firstSpringBoot] [restartedMain] ConfigServletWebServerApplicationContext : Exception encountered during context initialization - cancelling refresh attempt: org.springframework.beans.factory.UnsatisfiedDependencyException: Error creating bean with name 'restController' defined in file [/home/r4ghuveer/SpringBoot/firstSpringBoot/target/classes/com/R4ghuveer/firstSprintBoot/rest/restController.class]: Unsatisfied dependency expressed through constructor parameter 0: No qualifying bean of type 'com.R4ghuveer.otherPackage.beans.Coach' available: expected at least 1 bean which qualifies as autowire candidate. Dependency annotations: {}
2026-08-12T20:14:24.543+05:30  INFO 6939 --- [firstSpringBoot] [restartedMain] o.apache.catalina.core.StandardService   : Stopping service [Tomcat]
2026-08-12T20:14:24.545+05:30  INFO 6939 --- [firstSpringBoot] [restartedMain] .s.b.a.l.ConditionEvaluationReportLogger : 

Error starting ApplicationContext. To display the condition evaluation report re-run your application with 'debug' enabled.
2026-08-12T20:14:24.546+05:30 ERROR 6939 --- [firstSpringBoot] [restartedMain] o.s.b.d.LoggingFailureAnalysisReporter   : 

***************************
APPLICATION FAILED TO START
***************************

Description:

Parameter 0 of constructor in com.R4ghuveer.firstSprintBoot.rest.restController required a bean of type 'com.R4ghuveer.otherPackage.beans.Coach' that could not be found.


Action:

Consider defining a bean of type 'com.R4ghuveer.otherPackage.beans.Coach' in your configuration.

2026-08-12T20:14:24.853+05:30  WARN 8272 --- [firstSpringBoot] [main] o.s.w.c.s.GenericWebApplicationContext   : Exception encountered during context initialization - cancelling refresh attempt: org.springframework.beans.factory.UnsatisfiedDependencyException: Error creating bean with name 'restController' defined in file [/home/r4ghuveer/SpringBoot/firstSpringBoot/target/classes/com/R4ghuveer/firstSprintBoot/rest/restController.class]: Unsatisfied dependency expressed through constructor parameter 0: No qualifying bean of type 'com.R4ghuveer.otherPackage.beans.Coach' available: expected at least 1 bean which qualifies as autowire candidate. Dependency annotations: {}
2026-08-12T20:14:24.863+05:30  INFO 8272 --- [firstSpringBoot] [main] .s.b.a.l.ConditionEvaluationReportLogger : 

Error starting ApplicationContext. To display the condition evaluation report re-run your application with 'debug' enabled.
2026-08-12T20:14:24.870+05:30 ERROR 8272 --- [firstSpringBoot] [main] o.s.b.d.LoggingFailureAnalysisReporter   : 

***************************
APPLICATION FAILED TO START
***************************

Description:

Parameter 0 of constructor in com.R4ghuveer.firstSprintBoot.rest.restController required a bean of type 'com.R4ghuveer.otherPackage.beans.Coach' that could not be found.


Action:

Consider defining a bean of type 'com.R4ghuveer.otherPackage.beans.Coach' in your configuration.

2026-08-12T20:14:24.871+05:30  WARN 8272 --- [firstSpringBoot] [main] o.s.test.context.TestContextManager      : Caught exception while allowing TestExecutionListener [org.springframework.test.context.web.ServletTestExecutionListener] to prepare test instance [com.R4ghuveer.firstSprintBoot.FirstSprintBootApplicationTests@da4cf09]

java.lang.IllegalStateException: Failed to load ApplicationContext for [WebMergedContextConfiguration@3e214105 testClass = com.R4ghuveer.firstSprintBoot.FirstSprintBootApplicationTests, locations = [], classes = [com.R4ghuveer.firstSprintBoot.FirstSprintBootApplication], contextInitializerClasses = [], activeProfiles = [], propertySourceDescriptors = [], propertySourceProperties = ["org.springframework.boot.test.context.SpringBootTestContextBootstrapper=true"], contextCustomizers = [org.springframework.boot.test.context.PropertyMappingContextCustomizer@0, org.springframework.boot.test.context.filter.ExcludeFilterContextCustomizer@4fc5e095, org.springframework.boot.test.json.DuplicateJsonObjectContextCustomizerFactory$DuplicateJsonObjectContextCustomizer@160ac7fb, org.springframework.boot.test.autoconfigure.OnFailureConditionReportContextCustomizerFactory$OnFailureConditionReportContextCustomizer@13e3c1c7, org.springframework.test.context.support.DynamicPropertiesContextCustomizer@0, org.springframework.boot.webmvc.test.autoconfigure.WebDriverContextCustomizer@650eab8, org.springframework.boot.web.server.context.SpringBootTestRandomPortContextCustomizer@4f2c9ba6, org.springframework.boot.test.context.SpringBootTestAnnotation@981be3fa], resourceBasePath = "src/main/webapp", contextLoader = org.springframework.boot.test.context.SpringBootContextLoader, parent = null]
	at org.springframework.test.context.cache.DefaultCacheAwareContextLoaderDelegate.lambda$loadContext$0(DefaultCacheAwareContextLoaderDelegate.java:195) ~[spring-test-7.0.8.jar:7.0.8]
	at org.springframework.test.context.cache.DefaultContextCache.put(DefaultContextCache.java:214) ~[spring-test-7.0.8.jar:7.0.8]
	at org.springframework.test.context.cache.DefaultCacheAwareContextLoaderDelegate.loadContext(DefaultCacheAwareContextLoaderDelegate.java:160) ~[spring-test-7.0.8.jar:7.0.8]
	at org.springframework.test.context.support.DefaultTestContext.getApplicationContext(DefaultTestContext.java:128) ~[spring-test-7.0.8.jar:7.0.8]
	at org.springframework.test.context.web.ServletTestExecutionListener.setUpRequestContextIfNecessary(ServletTestExecutionListener.java:200) ~[spring-test-7.0.8.jar:7.0.8]
	at org.springframework.test.context.web.ServletTestExecutionListener.prepareTestInstance(ServletTestExecutionListener.java:139) ~[spring-test-7.0.8.jar:7.0.8]
	at org.springframework.test.context.TestContextManager.prepareTestInstance(TestContextManager.java:260) ~[spring-test-7.0.8.jar:7.0.8]
	at org.springframework.test.context.junit.jupiter.SpringExtension.postProcessTestInstance(SpringExtension.java:242) ~[spring-test-7.0.8.jar:7.0.8]
	at org.junit.jupiter.engine.descriptor.ClassBasedTestDescriptor.lambda$invokeTestInstancePostProcessors$1(ClassBasedTestDescriptor.java:423) ~[junit-jupiter-engine-6.0.3.jar:6.0.3]
	at org.junit.jupiter.engine.descriptor.ClassBasedTestDescriptor.executeAndMaskThrowable(ClassBasedTestDescriptor.java:428) ~[junit-jupiter-engine-6.0.3.jar:6.0.3]
	at org.junit.jupiter.engine.descriptor.ClassBasedTestDescriptor.lambda$invokeTestInstancePostProcessors$0(ClassBasedTestDescriptor.java:422) ~[junit-jupiter-engine-6.0.3.jar:6.0.3]
	at java.base/java.util.stream.ForEachOps$ForEachOp$OfRef.accept(ForEachOps.java:186) ~[na:na]
	at java.base/java.util.stream.ReferencePipeline$3$1.accept(ReferencePipeline.java:214) ~[na:na]
	at java.base/java.util.stream.ReferencePipeline$2$1.accept(ReferencePipeline.java:197) ~[na:na]
	at java.base/java.util.stream.ReferencePipeline$3$1.accept(ReferencePipeline.java:214) ~[na:na]
	at java.base/java.util.ArrayList$ArrayListSpliterator.forEachRemaining(ArrayList.java:1724) ~[na:na]
	at java.base/java.util.stream.AbstractPipeline.copyInto(AbstractPipeline.java:570) ~[na:na]
	at java.base/java.util.stream.AbstractPipeline.wrapAndCopyInto(AbstractPipeline.java:560) ~[na:na]
	at java.base/java.util.stream.ForEachOps$ForEachOp.evaluateSequential(ForEachOps.java:153) ~[na:na]
	at java.base/java.util.stream.ForEachOps$ForEachOp$OfRef.evaluateSequential(ForEachOps.java:176) ~[na:na]
	at java.base/java.util.stream.AbstractPipeline.evaluate(AbstractPipeline.java:265) ~[na:na]
	at java.base/java.util.stream.ReferencePipeline.forEach(ReferencePipeline.java:632) ~[na:na]
	at org.junit.jupiter.engine.descriptor.ClassBasedTestDescriptor.invokeTestInstancePostProcessors(ClassBasedTestDescriptor.java:422) ~[junit-jupiter-engine-6.0.3.jar:6.0.3]
	at org.junit.jupiter.engine.descriptor.ClassBasedTestDescriptor.lambda$instantiateAndPostProcessTestInstance$0(ClassBasedTestDescriptor.java:334) ~[junit-jupiter-engine-6.0.3.jar:6.0.3]
	at org.junit.platform.engine.support.hierarchical.ThrowableCollector.execute(ThrowableCollector.java:74) ~[junit-platform-engine-6.0.3.jar:6.0.3]
	at org.junit.jupiter.engine.descriptor.ClassBasedTestDescriptor.instantiateAndPostProcessTestInstance(ClassBasedTestDescriptor.java:333) ~[junit-jupiter-engine-6.0.3.jar:6.0.3]
	at org.junit.jupiter.engine.descriptor.ClassBasedTestDescriptor.lambda$testInstancesProvider$1(ClassBasedTestDescriptor.java:322) ~[junit-jupiter-engine-6.0.3.jar:6.0.3]
	at java.base/java.util.Optional.orElseGet(Optional.java:368) ~[na:na]
	at org.junit.jupiter.engine.descriptor.ClassBasedTestDescriptor.lambda$testInstancesProvider$0(ClassBasedTestDescriptor.java:321) ~[junit-jupiter-engine-6.0.3.jar:6.0.3]
	at org.junit.jupiter.engine.execution.TestInstancesProvider.getTestInstances(TestInstancesProvider.java:27) ~[junit-jupiter-engine-6.0.3.jar:6.0.3]
	at org.junit.jupiter.engine.descriptor.TestMethodTestDescriptor.lambda$prepare$0(TestMethodTestDescriptor.java:127) ~[junit-jupiter-engine-6.0.3.jar:6.0.3]
	at org.junit.platform.engine.support.hierarchical.ThrowableCollector.execute(ThrowableCollector.java:74) ~[junit-platform-engine-6.0.3.jar:6.0.3]
	at org.junit.jupiter.engine.descriptor.TestMethodTestDescriptor.prepare(TestMethodTestDescriptor.java:126) ~[junit-jupiter-engine-6.0.3.jar:6.0.3]
	at org.junit.jupiter.engine.descriptor.TestMethodTestDescriptor.prepare(TestMethodTestDescriptor.java:70) ~[junit-jupiter-engine-6.0.3.jar:6.0.3]
	at org.junit.platform.engine.support.hierarchical.NodeTestTask.lambda$prepare$0(NodeTestTask.java:144) ~[junit-platform-engine-6.0.3.jar:6.0.3]
	at org.junit.platform.engine.support.hierarchical.ThrowableCollector.execute(ThrowableCollector.java:74) ~[junit-platform-engine-6.0.3.jar:6.0.3]
	at org.junit.platform.engine.support.hierarchical.NodeTestTask.prepare(NodeTestTask.java:144) ~[junit-platform-engine-6.0.3.jar:6.0.3]
	at org.junit.platform.engine.support.hierarchical.NodeTestTask.execute(NodeTestTask.java:110) ~[junit-platform-engine-6.0.3.jar:6.0.3]
	at java.base/java.util.ArrayList.forEach(ArrayList.java:1612) ~[na:na]
	at org.junit.platform.engine.support.hierarchical.SameThreadHierarchicalTestExecutorService.invokeAll(SameThreadHierarchicalTestExecutorService.java:42) ~[junit-platform-engine-6.0.3.jar:6.0.3]
	at org.junit.platform.engine.support.hierarchical.NodeTestTask.lambda$executeRecursively$2(NodeTestTask.java:180) ~[junit-platform-engine-6.0.3.jar:6.0.3]
	at org.junit.platform.engine.support.hierarchical.ThrowableCollector.execute(ThrowableCollector.java:74) ~[junit-platform-engine-6.0.3.jar:6.0.3]
	at org.junit.platform.engine.support.hierarchical.NodeTestTask.lambda$executeRecursively$1(NodeTestTask.java:166) ~[junit-platform-engine-6.0.3.jar:6.0.3]
	at org.junit.platform.engine.support.hierarchical.Node.around(Node.java:138) ~[junit-platform-engine-6.0.3.jar:6.0.3]
	at org.junit.platform.engine.support.hierarchical.NodeTestTask.lambda$executeRecursively$0(NodeTestTask.java:164) ~[junit-platform-engine-6.0.3.jar:6.0.3]
	at org.junit.platform.engine.support.hierarchical.ThrowableCollector.execute(ThrowableCollector.java:74) ~[junit-platform-engine-6.0.3.jar:6.0.3]
	at org.junit.platform.engine.support.hierarchical.NodeTestTask.executeRecursively(NodeTestTask.java:163) ~[junit-platform-engine-6.0.3.jar:6.0.3]
	at org.junit.platform.engine.support.hierarchical.NodeTestTask.execute(NodeTestTask.java:116) ~[junit-platform-engine-6.0.3.jar:6.0.3]
	at java.base/java.util.ArrayList.forEach(ArrayList.java:1612) ~[na:na]
	at org.junit.platform.engine.support.hierarchical.SameThreadHierarchicalTestExecutorService.invokeAll(SameThreadHierarchicalTestExecutorService.java:42) ~[junit-platform-engine-6.0.3.jar:6.0.3]
	at org.junit.platform.engine.support.hierarchical.NodeTestTask.lambda$executeRecursively$2(NodeTestTask.java:180) ~[junit-platform-engine-6.0.3.jar:6.0.3]
	at org.junit.platform.engine.support.hierarchical.ThrowableCollector.execute(ThrowableCollector.java:74) ~[junit-platform-engine-6.0.3.jar:6.0.3]
	at org.junit.platform.engine.support.hierarchical.NodeTestTask.lambda$executeRecursively$1(NodeTestTask.java:166) ~[junit-platform-engine-6.0.3.jar:6.0.3]
	at org.junit.platform.engine.support.hierarchical.Node.around(Node.java:138) ~[junit-platform-engine-6.0.3.jar:6.0.3]
	at org.junit.platform.engine.support.hierarchical.NodeTestTask.lambda$executeRecursively$0(NodeTestTask.java:164) ~[junit-platform-engine-6.0.3.jar:6.0.3]
	at org.junit.platform.engine.support.hierarchical.ThrowableCollector.execute(ThrowableCollector.java:74) ~[junit-platform-engine-6.0.3.jar:6.0.3]
	at org.junit.platform.engine.support.hierarchical.NodeTestTask.executeRecursively(NodeTestTask.java:163) ~[junit-platform-engine-6.0.3.jar:6.0.3]
	at org.junit.platform.engine.support.hierarchical.NodeTestTask.execute(NodeTestTask.java:116) ~[junit-platform-engine-6.0.3.jar:6.0.3]
	at org.junit.platform.engine.support.hierarchical.SameThreadHierarchicalTestExecutorService.submit(SameThreadHierarchicalTestExecutorService.java:36) ~[junit-platform-engine-6.0.3.jar:6.0.3]
	at org.junit.platform.engine.support.hierarchical.HierarchicalTestExecutor.execute(HierarchicalTestExecutor.java:52) ~[junit-platform-engine-6.0.3.jar:6.0.3]
	at org.junit.platform.engine.support.hierarchical.HierarchicalTestEngine.execute(HierarchicalTestEngine.java:58) ~[junit-platform-engine-6.0.3.jar:6.0.3]
	at org.junit.platform.launcher.core.EngineExecutionOrchestrator.executeEngine(EngineExecutionOrchestrator.java:246) ~[junit-platform-launcher-6.0.3.jar:6.0.3]
	at org.junit.platform.launcher.core.EngineExecutionOrchestrator.failOrExecuteEngine(EngineExecutionOrchestrator.java:218) ~[junit-platform-launcher-6.0.3.jar:6.0.3]
	at org.junit.platform.launcher.core.EngineExecutionOrchestrator.execute(EngineExecutionOrchestrator.java:179) ~[junit-platform-launcher-6.0.3.jar:6.0.3]
	at org.junit.platform.launcher.core.EngineExecutionOrchestrator.execute(EngineExecutionOrchestrator.java:108) ~[junit-platform-launcher-6.0.3.jar:6.0.3]
	at org.junit.platform.launcher.core.EngineExecutionOrchestrator.lambda$execute$0(EngineExecutionOrchestrator.java:66) ~[junit-platform-launcher-6.0.3.jar:6.0.3]
	at org.junit.platform.launcher.core.EngineExecutionOrchestrator.withInterceptedStreams(EngineExecutionOrchestrator.java:157) ~[junit-platform-launcher-6.0.3.jar:6.0.3]
	at org.junit.platform.launcher.core.EngineExecutionOrchestrator.execute(EngineExecutionOrchestrator.java:65) ~[junit-platform-launcher-6.0.3.jar:6.0.3]
	at org.junit.platform.launcher.core.DefaultLauncher.execute(DefaultLauncher.java:125) ~[junit-platform-launcher-6.0.3.jar:6.0.3]
	at org.junit.platform.launcher.core.DefaultLauncher.execute(DefaultLauncher.java:114) ~[junit-platform-launcher-6.0.3.jar:6.0.3]
	at org.junit.platform.launcher.core.DelegatingLauncher.execute(DelegatingLauncher.java:58) ~[junit-platform-launcher-6.0.3.jar:6.0.3]
	at org.junit.platform.launcher.core.InterceptingLauncher.lambda$execute$2(InterceptingLauncher.java:57) ~[junit-platform-launcher-6.0.3.jar:6.0.3]
	at org.junit.platform.launcher.core.ClasspathAlignmentCheckingLauncherInterceptor.intercept(ClasspathAlignmentCheckingLauncherInterceptor.java:25) ~[junit-platform-launcher-6.0.3.jar:6.0.3]
	at org.junit.platform.launcher.core.InterceptingLauncher.execute(InterceptingLauncher.java:56) ~[junit-platform-launcher-6.0.3.jar:6.0.3]
	at org.junit.platform.launcher.core.DelegatingLauncher.execute(DelegatingLauncher.java:58) ~[junit-platform-launcher-6.0.3.jar:6.0.3]
	at java.base/jdk.internal.reflect.DirectMethodHandleAccessor.invoke(DirectMethodHandleAccessor.java:104) ~[na:na]
	at java.base/java.lang.reflect.Method.invoke(Method.java:565) ~[na:na]
	at org.apache.maven.surefire.api.util.ReflectionUtils.invokeMethodWithArray(ReflectionUtils.java:125) ~[surefire-api-3.5.6.jar:3.5.6]
	at org.apache.maven.surefire.junitplatform.LauncherAdapter.executeWithCancellationToken(LauncherAdapter.java:68) ~[surefire-junit-platform-3.5.6.jar:3.5.6]
	at org.apache.maven.surefire.junitplatform.LauncherAdapter.execute(LauncherAdapter.java:54) ~[surefire-junit-platform-3.5.6.jar:3.5.6]
	at org.apache.maven.surefire.junitplatform.JUnitPlatformProvider.execute(JUnitPlatformProvider.java:203) ~[surefire-junit-platform-3.5.6.jar:3.5.6]
	at org.apache.maven.surefire.junitplatform.JUnitPlatformProvider.invokeAllTests(JUnitPlatformProvider.java:168) ~[surefire-junit-platform-3.5.6.jar:3.5.6]
	at org.apache.maven.surefire.junitplatform.JUnitPlatformProvider.invoke(JUnitPlatformProvider.java:136) ~[surefire-junit-platform-3.5.6.jar:3.5.6]
	at org.apache.maven.surefire.booter.ForkedBooter.runSuitesInProcess(ForkedBooter.java:385) ~[surefire-booter-3.5.6.jar:3.5.6]
	at org.apache.maven.surefire.booter.ForkedBooter.execute(ForkedBooter.java:162) ~[surefire-booter-3.5.6.jar:3.5.6]
	at org.apache.maven.surefire.booter.ForkedBooter.run(ForkedBooter.java:507) ~[surefire-booter-3.5.6.jar:3.5.6]
	at org.apache.maven.surefire.booter.ForkedBooter.main(ForkedBooter.java:495) ~[surefire-booter-3.5.6.jar:3.5.6]
Caused by: org.springframework.beans.factory.UnsatisfiedDependencyException: Error creating bean with name 'restController' defined in file [/home/r4ghuveer/SpringBoot/firstSpringBoot/target/classes/com/R4ghuveer/firstSprintBoot/rest/restController.class]: Unsatisfied dependency expressed through constructor parameter 0: No qualifying bean of type 'com.R4ghuveer.otherPackage.beans.Coach' available: expected at least 1 bean which qualifies as autowire candidate. Dependency annotations: {}
	at org.springframework.beans.factory.support.ConstructorResolver.createArgumentArray(ConstructorResolver.java:804) ~[spring-beans-7.0.8.jar:7.0.8]
	at org.springframework.beans.factory.support.ConstructorResolver.autowireConstructor(ConstructorResolver.java:240) ~[spring-beans-7.0.8.jar:7.0.8]
	at org.springframework.beans.factory.support.AbstractAutowireCapableBeanFactory.autowireConstructor(AbstractAutowireCapableBeanFactory.java:1380) ~[spring-beans-7.0.8.jar:7.0.8]
	at org.springframework.beans.factory.support.AbstractAutowireCapableBeanFactory.createBeanInstance(AbstractAutowireCapableBeanFactory.java:1219) ~[spring-beans-7.0.8.jar:7.0.8]
	at org.springframework.beans.factory.support.AbstractAutowireCapableBeanFactory.doCreateBean(AbstractAutowireCapableBeanFactory.java:565) ~[spring-beans-7.0.8.jar:7.0.8]
	at org.springframework.beans.factory.support.AbstractAutowireCapableBeanFactory.createBean(AbstractAutowireCapableBeanFactory.java:525) ~[spring-beans-7.0.8.jar:7.0.8]
	at org.springframework.beans.factory.support.AbstractBeanFactory.lambda$doGetBean$0(AbstractBeanFactory.java:333) ~[spring-beans-7.0.8.jar:7.0.8]
	at org.springframework.beans.factory.support.DefaultSingletonBeanRegistry.getSingleton(DefaultSingletonBeanRegistry.java:371) ~[spring-beans-7.0.8.jar:7.0.8]
	at org.springframework.beans.factory.support.AbstractBeanFactory.doGetBean(AbstractBeanFactory.java:331) ~[spring-beans-7.0.8.jar:7.0.8]
	at org.springframework.beans.factory.support.AbstractBeanFactory.getBean(AbstractBeanFactory.java:196) ~[spring-beans-7.0.8.jar:7.0.8]
	at org.springframework.beans.factory.support.DefaultListableBeanFactory.instantiateSingleton(DefaultListableBeanFactory.java:1225) ~[spring-beans-7.0.8.jar:7.0.8]
	at org.springframework.beans.factory.support.DefaultListableBeanFactory.preInstantiateSingleton(DefaultListableBeanFactory.java:1191) ~[spring-beans-7.0.8.jar:7.0.8]
	at org.springframework.beans.factory.support.DefaultListableBeanFactory.preInstantiateSingletons(DefaultListableBeanFactory.java:1121) ~[spring-beans-7.0.8.jar:7.0.8]
	at org.springframework.context.support.AbstractApplicationContext.finishBeanFactoryInitialization(AbstractApplicationContext.java:994) ~[spring-context-7.0.8.jar:7.0.8]
	at org.springframework.context.support.AbstractApplicationContext.refresh(AbstractApplicationContext.java:621) ~[spring-context-7.0.8.jar:7.0.8]
	at org.springframework.boot.SpringApplication.refresh(SpringApplication.java:756) ~[spring-boot-4.1.0.jar:4.1.0]
	at org.springframework.boot.SpringApplication.refreshContext(SpringApplication.java:445) ~[spring-boot-4.1.0.jar:4.1.0]
	at org.springframework.boot.SpringApplication.run(SpringApplication.java:321) ~[spring-boot-4.1.0.jar:4.1.0]
	at org.springframework.boot.test.context.SpringBootContextLoader.lambda$loadContext$2(SpringBootContextLoader.java:155) ~[spring-boot-test-4.1.0.jar:4.1.0]
	at org.springframework.util.function.ThrowingSupplier.get(ThrowingSupplier.java:58) ~[spring-core-7.0.8.jar:7.0.8]
	at org.springframework.util.function.ThrowingSupplier.get(ThrowingSupplier.java:46) ~[spring-core-7.0.8.jar:7.0.8]
	at org.springframework.boot.SpringApplication.withHook(SpringApplication.java:1465) ~[spring-boot-4.1.0.jar:4.1.0]
	at org.springframework.boot.test.context.SpringBootContextLoader$ContextLoaderHook.run(SpringBootContextLoader.java:600) ~[spring-boot-test-4.1.0.jar:4.1.0]
	at org.springframework.boot.test.context.SpringBootContextLoader.loadContext(SpringBootContextLoader.java:155) ~[spring-boot-test-4.1.0.jar:4.1.0]
	at org.springframework.boot.test.context.SpringBootContextLoader.loadContext(SpringBootContextLoader.java:114) ~[spring-boot-test-4.1.0.jar:4.1.0]
	at org.springframework.test.context.cache.DefaultCacheAwareContextLoaderDelegate.loadContextInternal(DefaultCacheAwareContextLoaderDelegate.java:247) ~[spring-test-7.0.8.jar:7.0.8]
	at org.springframework.test.context.cache.DefaultCacheAwareContextLoaderDelegate.lambda$loadContext$0(DefaultCacheAwareContextLoaderDelegate.java:167) ~[spring-test-7.0.8.jar:7.0.8]
	... 86 common frames omitted
Caused by: org.springframework.beans.factory.NoSuchBeanDefinitionException: No qualifying bean of type 'com.R4ghuveer.otherPackage.beans.Coach' available: expected at least 1 bean which qualifies as autowire candidate. Dependency annotations: {}
	at org.springframework.beans.factory.support.DefaultListableBeanFactory.raiseNoMatchingBeanFound(DefaultListableBeanFactory.java:2304) ~[spring-beans-7.0.8.jar:7.0.8]
	at org.springframework.beans.factory.support.DefaultListableBeanFactory.doResolveDependency(DefaultListableBeanFactory.java:1732) ~[spring-beans-7.0.8.jar:7.0.8]
	at org.springframework.beans.factory.support.DefaultListableBeanFactory.resolveDependency(DefaultListableBeanFactory.java:1658) ~[spring-beans-7.0.8.jar:7.0.8]
	at org.springframework.beans.factory.support.ConstructorResolver.resolveAutowiredArgument(ConstructorResolver.java:912) ~[spring-beans-7.0.8.jar:7.0.8]
	at org.springframework.beans.factory.support.ConstructorResolver.createArgumentArray(ConstructorResolver.java:791) ~[spring-beans-7.0.8.jar:7.0.8]
	... 112 common frames omitted

2026-08-12T20:14:48.980+05:30  INFO 6939 --- [firstSpringBoot] [restartedMain] c.R.f.FirstSprintBootApplication         : Starting FirstSprintBootApplication using Java 26.0.2 with PID 6939 (/home/r4ghuveer/SpringBoot/firstSpringBoot/target/classes started by r4ghuveer in /home/r4ghuveer/SpringBoot/firstSpringBoot)
2026-08-12T20:14:48.981+05:30  INFO 6939 --- [firstSpringBoot] [restartedMain] c.R.f.FirstSprintBootApplication         : No active profile set, falling back to 1 default profile: "default"
2026-08-12T20:14:49.054+05:30  INFO 6939 --- [firstSpringBoot] [restartedMain] o.s.boot.tomcat.TomcatWebServer          : Tomcat initialized with port 8080 (http)
2026-08-12T20:14:49.054+05:30  INFO 6939 --- [firstSpringBoot] [restartedMain] o.apache.catalina.core.StandardService   : Starting service [Tomcat]
2026-08-12T20:14:49.054+05:30  INFO 6939 --- [firstSpringBoot] [restartedMain] o.apache.catalina.core.StandardEngine    : Starting Servlet engine: [Apache Tomcat/11.0.22]
2026-08-12T20:14:49.056+05:30  INFO 6939 --- [firstSpringBoot] [restartedMain] b.w.c.s.WebApplicationContextInitializer : Root WebApplicationContext: initialization completed in 74 ms
2026-08-12T20:14:49.067+05:30  WARN 6939 --- [firstSpringBoot] [restartedMain] ConfigServletWebServerApplicationContext : Exception encountered during context initialization - cancelling refresh attempt: org.springframework.beans.factory.UnsatisfiedDependencyException: Error creating bean with name 'restController' defined in file [/home/r4ghuveer/SpringBoot/firstSpringBoot/target/classes/com/R4ghuveer/firstSprintBoot/rest/restController.class]: Unsatisfied dependency expressed through constructor parameter 0: No qualifying bean of type 'com.R4ghuveer.otherPackage.beans.Coach' available: expected at least 1 bean which qualifies as autowire candidate. Dependency annotations: {}
2026-08-12T20:14:49.067+05:30  INFO 6939 --- [firstSpringBoot] [restartedMain] o.apache.catalina.core.StandardService   : Stopping service [Tomcat]
2026-08-12T20:14:49.069+05:30  INFO 6939 --- [firstSpringBoot] [restartedMain] .s.b.a.l.ConditionEvaluationReportLogger : 

Error starting ApplicationContext. To display the condition evaluation report re-run your application with 'debug' enabled.
2026-08-12T20:14:49.070+05:30 ERROR 6939 --- [firstSpringBoot] [restartedMain] o.s.b.d.LoggingFailureAnalysisReporter   : 

***************************
APPLICATION FAILED TO START
***************************

Description:

Parameter 0 of constructor in com.R4ghuveer.firstSprintBoot.rest.restController required a bean of type 'com.R4ghuveer.otherPackage.beans.Coach' that could not be found.


Action:

Consider defining a bean of type 'com.R4ghuveer.otherPackage.beans.Coach' in your configuration.

2026-08-12T20:14:49.728+05:30  INFO 8473 --- [firstSpringBoot] [main] c.R.f.FirstSprintBootApplicationTests    : Starting FirstSprintBootApplicationTests using Java 26.0.2 with PID 8473 (started by r4ghuveer in /home/r4ghuveer/SpringBoot/firstSpringBoot)
2026-08-12T20:14:49.728+05:30  INFO 8473 --- [firstSpringBoot] [main] c.R.f.FirstSprintBootApplicationTests    : No active profile set, falling back to 1 default profile: "default"
2026-08-12T20:14:50.108+05:30  WARN 8473 --- [firstSpringBoot] [main] o.s.w.c.s.GenericWebApplicationContext   : Exception encountered during context initialization - cancelling refresh attempt: org.springframework.beans.factory.UnsatisfiedDependencyException: Error creating bean with name 'restController' defined in file [/home/r4ghuveer/SpringBoot/firstSpringBoot/target/classes/com/R4ghuveer/firstSprintBoot/rest/restController.class]: Unsatisfied dependency expressed through constructor parameter 0: No qualifying bean of type 'com.R4ghuveer.otherPackage.beans.Coach' available: expected at least 1 bean which qualifies as autowire candidate. Dependency annotations: {}
2026-08-12T20:14:50.129+05:30  INFO 8473 --- [firstSpringBoot] [main] .s.b.a.l.ConditionEvaluationReportLogger : 

Error starting ApplicationContext. To display the condition evaluation report re-run your application with 'debug' enabled.
2026-08-12T20:14:50.137+05:30 ERROR 8473 --- [firstSpringBoot] [main] o.s.b.d.LoggingFailureAnalysisReporter   : 

***************************
APPLICATION FAILED TO START
***************************

Description:

Parameter 0 of constructor in com.R4ghuveer.firstSprintBoot.rest.restController required a bean of type 'com.R4ghuveer.otherPackage.beans.Coach' that could not be found.


Action:

Consider defining a bean of type 'com.R4ghuveer.otherPackage.beans.Coach' in your configuration.

2026-08-12T20:14:50.138+05:30  WARN 8473 --- [firstSpringBoot] [main] o.s.test.context.TestContextManager      : Caught exception while allowing TestExecutionListener [org.springframework.test.context.web.ServletTestExecutionListener] to prepare test instance [com.R4ghuveer.firstSprintBoot.FirstSprintBootApplicationTests@da4cf09]

java.lang.IllegalStateException: Failed to load ApplicationContext for [WebMergedContextConfiguration@3e214105 testClass = com.R4ghuveer.firstSprintBoot.FirstSprintBootApplicationTests, locations = [], classes = [com.R4ghuveer.firstSprintBoot.FirstSprintBootApplication], contextInitializerClasses = [], activeProfiles = [], propertySourceDescriptors = [], propertySourceProperties = ["org.springframework.boot.test.context.SpringBootTestContextBootstrapper=true"], contextCustomizers = [org.springframework.boot.test.context.PropertyMappingContextCustomizer@0, org.springframework.boot.test.context.filter.ExcludeFilterContextCustomizer@4fc5e095, org.springframework.boot.test.json.DuplicateJsonObjectContextCustomizerFactory$DuplicateJsonObjectContextCustomizer@160ac7fb, org.springframework.boot.test.autoconfigure.OnFailureConditionReportContextCustomizerFactory$OnFailureConditionReportContextCustomizer@13e3c1c7, org.springframework.test.context.support.DynamicPropertiesContextCustomizer@0, org.springframework.boot.webmvc.test.autoconfigure.WebDriverContextCustomizer@650eab8, org.springframework.boot.web.server.context.SpringBootTestRandomPortContextCustomizer@4f2c9ba6, org.springframework.boot.test.context.SpringBootTestAnnotation@981be3fa], resourceBasePath = "src/main/webapp", contextLoader = org.springframework.boot.test.context.SpringBootContextLoader, parent = null]
	at org.springframework.test.context.cache.DefaultCacheAwareContextLoaderDelegate.lambda$loadContext$0(DefaultCacheAwareContextLoaderDelegate.java:195) ~[spring-test-7.0.8.jar:7.0.8]
	at org.springframework.test.context.cache.DefaultContextCache.put(DefaultContextCache.java:214) ~[spring-test-7.0.8.jar:7.0.8]
	at org.springframework.test.context.cache.DefaultCacheAwareContextLoaderDelegate.loadContext(DefaultCacheAwareContextLoaderDelegate.java:160) ~[spring-test-7.0.8.jar:7.0.8]
	at org.springframework.test.context.support.DefaultTestContext.getApplicationContext(DefaultTestContext.java:128) ~[spring-test-7.0.8.jar:7.0.8]
	at org.springframework.test.context.web.ServletTestExecutionListener.setUpRequestContextIfNecessary(ServletTestExecutionListener.java:200) ~[spring-test-7.0.8.jar:7.0.8]
	at org.springframework.test.context.web.ServletTestExecutionListener.prepareTestInstance(ServletTestExecutionListener.java:139) ~[spring-test-7.0.8.jar:7.0.8]
	at org.springframework.test.context.TestContextManager.prepareTestInstance(TestContextManager.java:260) ~[spring-test-7.0.8.jar:7.0.8]
	at org.springframework.test.context.junit.jupiter.SpringExtension.postProcessTestInstance(SpringExtension.java:242) ~[spring-test-7.0.8.jar:7.0.8]
	at org.junit.jupiter.engine.descriptor.ClassBasedTestDescriptor.lambda$invokeTestInstancePostProcessors$1(ClassBasedTestDescriptor.java:423) ~[junit-jupiter-engine-6.0.3.jar:6.0.3]
	at org.junit.jupiter.engine.descriptor.ClassBasedTestDescriptor.executeAndMaskThrowable(ClassBasedTestDescriptor.java:428) ~[junit-jupiter-engine-6.0.3.jar:6.0.3]
	at org.junit.jupiter.engine.descriptor.ClassBasedTestDescriptor.lambda$invokeTestInstancePostProcessors$0(ClassBasedTestDescriptor.java:422) ~[junit-jupiter-engine-6.0.3.jar:6.0.3]
	at java.base/java.util.stream.ForEachOps$ForEachOp$OfRef.accept(ForEachOps.java:186) ~[na:na]
	at java.base/java.util.stream.ReferencePipeline$3$1.accept(ReferencePipeline.java:214) ~[na:na]
	at java.base/java.util.stream.ReferencePipeline$2$1.accept(ReferencePipeline.java:197) ~[na:na]
	at java.base/java.util.stream.ReferencePipeline$3$1.accept(ReferencePipeline.java:214) ~[na:na]
	at java.base/java.util.ArrayList$ArrayListSpliterator.forEachRemaining(ArrayList.java:1724) ~[na:na]
	at java.base/java.util.stream.AbstractPipeline.copyInto(AbstractPipeline.java:570) ~[na:na]
	at java.base/java.util.stream.AbstractPipeline.wrapAndCopyInto(AbstractPipeline.java:560) ~[na:na]
	at java.base/java.util.stream.ForEachOps$ForEachOp.evaluateSequential(ForEachOps.java:153) ~[na:na]
	at java.base/java.util.stream.ForEachOps$ForEachOp$OfRef.evaluateSequential(ForEachOps.java:176) ~[na:na]
	at java.base/java.util.stream.AbstractPipeline.evaluate(AbstractPipeline.java:265) ~[na:na]
	at java.base/java.util.stream.ReferencePipeline.forEach(ReferencePipeline.java:632) ~[na:na]
	at org.junit.jupiter.engine.descriptor.ClassBasedTestDescriptor.invokeTestInstancePostProcessors(ClassBasedTestDescriptor.java:422) ~[junit-jupiter-engine-6.0.3.jar:6.0.3]
	at org.junit.jupiter.engine.descriptor.ClassBasedTestDescriptor.lambda$instantiateAndPostProcessTestInstance$0(ClassBasedTestDescriptor.java:334) ~[junit-jupiter-engine-6.0.3.jar:6.0.3]
	at org.junit.platform.engine.support.hierarchical.ThrowableCollector.execute(ThrowableCollector.java:74) ~[junit-platform-engine-6.0.3.jar:6.0.3]
	at org.junit.jupiter.engine.descriptor.ClassBasedTestDescriptor.instantiateAndPostProcessTestInstance(ClassBasedTestDescriptor.java:333) ~[junit-jupiter-engine-6.0.3.jar:6.0.3]
	at org.junit.jupiter.engine.descriptor.ClassBasedTestDescriptor.lambda$testInstancesProvider$1(ClassBasedTestDescriptor.java:322) ~[junit-jupiter-engine-6.0.3.jar:6.0.3]
	at java.base/java.util.Optional.orElseGet(Optional.java:368) ~[na:na]
	at org.junit.jupiter.engine.descriptor.ClassBasedTestDescriptor.lambda$testInstancesProvider$0(ClassBasedTestDescriptor.java:321) ~[junit-jupiter-engine-6.0.3.jar:6.0.3]
	at org.junit.jupiter.engine.execution.TestInstancesProvider.getTestInstances(TestInstancesProvider.java:27) ~[junit-jupiter-engine-6.0.3.jar:6.0.3]
	at org.junit.jupiter.engine.descriptor.TestMethodTestDescriptor.lambda$prepare$0(TestMethodTestDescriptor.java:127) ~[junit-jupiter-engine-6.0.3.jar:6.0.3]
	at org.junit.platform.engine.support.hierarchical.ThrowableCollector.execute(ThrowableCollector.java:74) ~[junit-platform-engine-6.0.3.jar:6.0.3]
	at org.junit.jupiter.engine.descriptor.TestMethodTestDescriptor.prepare(TestMethodTestDescriptor.java:126) ~[junit-jupiter-engine-6.0.3.jar:6.0.3]
	at org.junit.jupiter.engine.descriptor.TestMethodTestDescriptor.prepare(TestMethodTestDescriptor.java:70) ~[junit-jupiter-engine-6.0.3.jar:6.0.3]
	at org.junit.platform.engine.support.hierarchical.NodeTestTask.lambda$prepare$0(NodeTestTask.java:144) ~[junit-platform-engine-6.0.3.jar:6.0.3]
	at org.junit.platform.engine.support.hierarchical.ThrowableCollector.execute(ThrowableCollector.java:74) ~[junit-platform-engine-6.0.3.jar:6.0.3]
	at org.junit.platform.engine.support.hierarchical.NodeTestTask.prepare(NodeTestTask.java:144) ~[junit-platform-engine-6.0.3.jar:6.0.3]
	at org.junit.platform.engine.support.hierarchical.NodeTestTask.execute(NodeTestTask.java:110) ~[junit-platform-engine-6.0.3.jar:6.0.3]
	at java.base/java.util.ArrayList.forEach(ArrayList.java:1612) ~[na:na]
	at org.junit.platform.engine.support.hierarchical.SameThreadHierarchicalTestExecutorService.invokeAll(SameThreadHierarchicalTestExecutorService.java:42) ~[junit-platform-engine-6.0.3.jar:6.0.3]
	at org.junit.platform.engine.support.hierarchical.NodeTestTask.lambda$executeRecursively$2(NodeTestTask.java:180) ~[junit-platform-engine-6.0.3.jar:6.0.3]
	at org.junit.platform.engine.support.hierarchical.ThrowableCollector.execute(ThrowableCollector.java:74) ~[junit-platform-engine-6.0.3.jar:6.0.3]
	at org.junit.platform.engine.support.hierarchical.NodeTestTask.lambda$executeRecursively$1(NodeTestTask.java:166) ~[junit-platform-engine-6.0.3.jar:6.0.3]
	at org.junit.platform.engine.support.hierarchical.Node.around(Node.java:138) ~[junit-platform-engine-6.0.3.jar:6.0.3]
	at org.junit.platform.engine.support.hierarchical.NodeTestTask.lambda$executeRecursively$0(NodeTestTask.java:164) ~[junit-platform-engine-6.0.3.jar:6.0.3]
	at org.junit.platform.engine.support.hierarchical.ThrowableCollector.execute(ThrowableCollector.java:74) ~[junit-platform-engine-6.0.3.jar:6.0.3]
	at org.junit.platform.engine.support.hierarchical.NodeTestTask.executeRecursively(NodeTestTask.java:163) ~[junit-platform-engine-6.0.3.jar:6.0.3]
	at org.junit.platform.engine.support.hierarchical.NodeTestTask.execute(NodeTestTask.java:116) ~[junit-platform-engine-6.0.3.jar:6.0.3]
	at java.base/java.util.ArrayList.forEach(ArrayList.java:1612) ~[na:na]
	at org.junit.platform.engine.support.hierarchical.SameThreadHierarchicalTestExecutorService.invokeAll(SameThreadHierarchicalTestExecutorService.java:42) ~[junit-platform-engine-6.0.3.jar:6.0.3]
	at org.junit.platform.engine.support.hierarchical.NodeTestTask.lambda$executeRecursively$2(NodeTestTask.java:180) ~[junit-platform-engine-6.0.3.jar:6.0.3]
	at org.junit.platform.engine.support.hierarchical.ThrowableCollector.execute(ThrowableCollector.java:74) ~[junit-platform-engine-6.0.3.jar:6.0.3]
	at org.junit.platform.engine.support.hierarchical.NodeTestTask.lambda$executeRecursively$1(NodeTestTask.java:166) ~[junit-platform-engine-6.0.3.jar:6.0.3]
	at org.junit.platform.engine.support.hierarchical.Node.around(Node.java:138) ~[junit-platform-engine-6.0.3.jar:6.0.3]
	at org.junit.platform.engine.support.hierarchical.NodeTestTask.lambda$executeRecursively$0(NodeTestTask.java:164) ~[junit-platform-engine-6.0.3.jar:6.0.3]
	at org.junit.platform.engine.support.hierarchical.ThrowableCollector.execute(ThrowableCollector.java:74) ~[junit-platform-engine-6.0.3.jar:6.0.3]
	at org.junit.platform.engine.support.hierarchical.NodeTestTask.executeRecursively(NodeTestTask.java:163) ~[junit-platform-engine-6.0.3.jar:6.0.3]
	at org.junit.platform.engine.support.hierarchical.NodeTestTask.execute(NodeTestTask.java:116) ~[junit-platform-engine-6.0.3.jar:6.0.3]
	at org.junit.platform.engine.support.hierarchical.SameThreadHierarchicalTestExecutorService.submit(SameThreadHierarchicalTestExecutorService.java:36) ~[junit-platform-engine-6.0.3.jar:6.0.3]
	at org.junit.platform.engine.support.hierarchical.HierarchicalTestExecutor.execute(HierarchicalTestExecutor.java:52) ~[junit-platform-engine-6.0.3.jar:6.0.3]
	at org.junit.platform.engine.support.hierarchical.HierarchicalTestEngine.execute(HierarchicalTestEngine.java:58) ~[junit-platform-engine-6.0.3.jar:6.0.3]
	at org.junit.platform.launcher.core.EngineExecutionOrchestrator.executeEngine(EngineExecutionOrchestrator.java:246) ~[junit-platform-launcher-6.0.3.jar:6.0.3]
	at org.junit.platform.launcher.core.EngineExecutionOrchestrator.failOrExecuteEngine(EngineExecutionOrchestrator.java:218) ~[junit-platform-launcher-6.0.3.jar:6.0.3]
	at org.junit.platform.launcher.core.EngineExecutionOrchestrator.execute(EngineExecutionOrchestrator.java:179) ~[junit-platform-launcher-6.0.3.jar:6.0.3]
	at org.junit.platform.launcher.core.EngineExecutionOrchestrator.execute(EngineExecutionOrchestrator.java:108) ~[junit-platform-launcher-6.0.3.jar:6.0.3]
	at org.junit.platform.launcher.core.EngineExecutionOrchestrator.lambda$execute$0(EngineExecutionOrchestrator.java:66) ~[junit-platform-launcher-6.0.3.jar:6.0.3]
	at org.junit.platform.launcher.core.EngineExecutionOrchestrator.withInterceptedStreams(EngineExecutionOrchestrator.java:157) ~[junit-platform-launcher-6.0.3.jar:6.0.3]
	at org.junit.platform.launcher.core.EngineExecutionOrchestrator.execute(EngineExecutionOrchestrator.java:65) ~[junit-platform-launcher-6.0.3.jar:6.0.3]
	at org.junit.platform.launcher.core.DefaultLauncher.execute(DefaultLauncher.java:125) ~[junit-platform-launcher-6.0.3.jar:6.0.3]
	at org.junit.platform.launcher.core.DefaultLauncher.execute(DefaultLauncher.java:114) ~[junit-platform-launcher-6.0.3.jar:6.0.3]
	at org.junit.platform.launcher.core.DelegatingLauncher.execute(DelegatingLauncher.java:58) ~[junit-platform-launcher-6.0.3.jar:6.0.3]
	at org.junit.platform.launcher.core.InterceptingLauncher.lambda$execute$2(InterceptingLauncher.java:57) ~[junit-platform-launcher-6.0.3.jar:6.0.3]
	at org.junit.platform.launcher.core.ClasspathAlignmentCheckingLauncherInterceptor.intercept(ClasspathAlignmentCheckingLauncherInterceptor.java:25) ~[junit-platform-launcher-6.0.3.jar:6.0.3]
	at org.junit.platform.launcher.core.InterceptingLauncher.execute(InterceptingLauncher.java:56) ~[junit-platform-launcher-6.0.3.jar:6.0.3]
	at org.junit.platform.launcher.core.DelegatingLauncher.execute(DelegatingLauncher.java:58) ~[junit-platform-launcher-6.0.3.jar:6.0.3]
	at java.base/jdk.internal.reflect.DirectMethodHandleAccessor.invoke(DirectMethodHandleAccessor.java:104) ~[na:na]
	at java.base/java.lang.reflect.Method.invoke(Method.java:565) ~[na:na]
	at org.apache.maven.surefire.api.util.ReflectionUtils.invokeMethodWithArray(ReflectionUtils.java:125) ~[surefire-api-3.5.6.jar:3.5.6]
	at org.apache.maven.surefire.junitplatform.LauncherAdapter.executeWithCancellationToken(LauncherAdapter.java:68) ~[surefire-junit-platform-3.5.6.jar:3.5.6]
	at org.apache.maven.surefire.junitplatform.LauncherAdapter.execute(LauncherAdapter.java:54) ~[surefire-junit-platform-3.5.6.jar:3.5.6]
	at org.apache.maven.surefire.junitplatform.JUnitPlatformProvider.execute(JUnitPlatformProvider.java:203) ~[surefire-junit-platform-3.5.6.jar:3.5.6]
	at org.apache.maven.surefire.junitplatform.JUnitPlatformProvider.invokeAllTests(JUnitPlatformProvider.java:168) ~[surefire-junit-platform-3.5.6.jar:3.5.6]
	at org.apache.maven.surefire.junitplatform.JUnitPlatformProvider.invoke(JUnitPlatformProvider.java:136) ~[surefire-junit-platform-3.5.6.jar:3.5.6]
	at org.apache.maven.surefire.booter.ForkedBooter.runSuitesInProcess(ForkedBooter.java:385) ~[surefire-booter-3.5.6.jar:3.5.6]
	at org.apache.maven.surefire.booter.ForkedBooter.execute(ForkedBooter.java:162) ~[surefire-booter-3.5.6.jar:3.5.6]
	at org.apache.maven.surefire.booter.ForkedBooter.run(ForkedBooter.java:507) ~[surefire-booter-3.5.6.jar:3.5.6]
	at org.apache.maven.surefire.booter.ForkedBooter.main(ForkedBooter.java:495) ~[surefire-booter-3.5.6.jar:3.5.6]
Caused by: org.springframework.beans.factory.UnsatisfiedDependencyException: Error creating bean with name 'restController' defined in file [/home/r4ghuveer/SpringBoot/firstSpringBoot/target/classes/com/R4ghuveer/firstSprintBoot/rest/restController.class]: Unsatisfied dependency expressed through constructor parameter 0: No qualifying bean of type 'com.R4ghuveer.otherPackage.beans.Coach' available: expected at least 1 bean which qualifies as autowire candidate. Dependency annotations: {}
	at org.springframework.beans.factory.support.ConstructorResolver.createArgumentArray(ConstructorResolver.java:804) ~[spring-beans-7.0.8.jar:7.0.8]
	at org.springframework.beans.factory.support.ConstructorResolver.autowireConstructor(ConstructorResolver.java:240) ~[spring-beans-7.0.8.jar:7.0.8]
	at org.springframework.beans.factory.support.AbstractAutowireCapableBeanFactory.autowireConstructor(AbstractAutowireCapableBeanFactory.java:1380) ~[spring-beans-7.0.8.jar:7.0.8]
	at org.springframework.beans.factory.support.AbstractAutowireCapableBeanFactory.createBeanInstance(AbstractAutowireCapableBeanFactory.java:1219) ~[spring-beans-7.0.8.jar:7.0.8]
	at org.springframework.beans.factory.support.AbstractAutowireCapableBeanFactory.doCreateBean(AbstractAutowireCapableBeanFactory.java:565) ~[spring-beans-7.0.8.jar:7.0.8]
	at org.springframework.beans.factory.support.AbstractAutowireCapableBeanFactory.createBean(AbstractAutowireCapableBeanFactory.java:525) ~[spring-beans-7.0.8.jar:7.0.8]
	at org.springframework.beans.factory.support.AbstractBeanFactory.lambda$doGetBean$0(AbstractBeanFactory.java:333) ~[spring-beans-7.0.8.jar:7.0.8]
	at org.springframework.beans.factory.support.DefaultSingletonBeanRegistry.getSingleton(DefaultSingletonBeanRegistry.java:371) ~[spring-beans-7.0.8.jar:7.0.8]
	at org.springframework.beans.factory.support.AbstractBeanFactory.doGetBean(AbstractBeanFactory.java:331) ~[spring-beans-7.0.8.jar:7.0.8]
	at org.springframework.beans.factory.support.AbstractBeanFactory.getBean(AbstractBeanFactory.java:196) ~[spring-beans-7.0.8.jar:7.0.8]
	at org.springframework.beans.factory.support.DefaultListableBeanFactory.instantiateSingleton(DefaultListableBeanFactory.java:1225) ~[spring-beans-7.0.8.jar:7.0.8]
	at org.springframework.beans.factory.support.DefaultListableBeanFactory.preInstantiateSingleton(DefaultListableBeanFactory.java:1191) ~[spring-beans-7.0.8.jar:7.0.8]
	at org.springframework.beans.factory.support.DefaultListableBeanFactory.preInstantiateSingletons(DefaultListableBeanFactory.java:1121) ~[spring-beans-7.0.8.jar:7.0.8]
	at org.springframework.context.support.AbstractApplicationContext.finishBeanFactoryInitialization(AbstractApplicationContext.java:994) ~[spring-context-7.0.8.jar:7.0.8]
	at org.springframework.context.support.AbstractApplicationContext.refresh(AbstractApplicationContext.java:621) ~[spring-context-7.0.8.jar:7.0.8]
	at org.springframework.boot.SpringApplication.refresh(SpringApplication.java:756) ~[spring-boot-4.1.0.jar:4.1.0]
	at org.springframework.boot.SpringApplication.refreshContext(SpringApplication.java:445) ~[spring-boot-4.1.0.jar:4.1.0]
	at org.springframework.boot.SpringApplication.run(SpringApplication.java:321) ~[spring-boot-4.1.0.jar:4.1.0]
	at org.springframework.boot.test.context.SpringBootContextLoader.lambda$loadContext$2(SpringBootContextLoader.java:155) ~[spring-boot-test-4.1.0.jar:4.1.0]
	at org.springframework.util.function.ThrowingSupplier.get(ThrowingSupplier.java:58) ~[spring-core-7.0.8.jar:7.0.8]
	at org.springframework.util.function.ThrowingSupplier.get(ThrowingSupplier.java:46) ~[spring-core-7.0.8.jar:7.0.8]
	at org.springframework.boot.SpringApplication.withHook(SpringApplication.java:1465) ~[spring-boot-4.1.0.jar:4.1.0]
	at org.springframework.boot.test.context.SpringBootContextLoader$ContextLoaderHook.run(SpringBootContextLoader.java:600) ~[spring-boot-test-4.1.0.jar:4.1.0]
	at org.springframework.boot.test.context.SpringBootContextLoader.loadContext(SpringBootContextLoader.java:155) ~[spring-boot-test-4.1.0.jar:4.1.0]
	at org.springframework.boot.test.context.SpringBootContextLoader.loadContext(SpringBootContextLoader.java:114) ~[spring-boot-test-4.1.0.jar:4.1.0]
	at org.springframework.test.context.cache.DefaultCacheAwareContextLoaderDelegate.loadContextInternal(DefaultCacheAwareContextLoaderDelegate.java:247) ~[spring-test-7.0.8.jar:7.0.8]
	at org.springframework.test.context.cache.DefaultCacheAwareContextLoaderDelegate.lambda$loadContext$0(DefaultCacheAwareContextLoaderDelegate.java:167) ~[spring-test-7.0.8.jar:7.0.8]
	... 86 common frames omitted
Caused by: org.springframework.beans.factory.NoSuchBeanDefinitionException: No qualifying bean of type 'com.R4ghuveer.otherPackage.beans.Coach' available: expected at least 1 bean which qualifies as autowire candidate. Dependency annotations: {}
	at org.springframework.beans.factory.support.DefaultListableBeanFactory.raiseNoMatchingBeanFound(DefaultListableBeanFactory.java:2304) ~[spring-beans-7.0.8.jar:7.0.8]
	at org.springframework.beans.factory.support.DefaultListableBeanFactory.doResolveDependency(DefaultListableBeanFactory.java:1732) ~[spring-beans-7.0.8.jar:7.0.8]
	at org.springframework.beans.factory.support.DefaultListableBeanFactory.resolveDependency(DefaultListableBeanFactory.java:1658) ~[spring-beans-7.0.8.jar:7.0.8]
	at org.springframework.beans.factory.support.ConstructorResolver.resolveAutowiredArgument(ConstructorResolver.java:912) ~[spring-beans-7.0.8.jar:7.0.8]
	at org.springframework.beans.factory.support.ConstructorResolver.createArgumentArray(ConstructorResolver.java:791) ~[spring-beans-7.0.8.jar:7.0.8]
	... 112 common frames omitted

2026-08-12T20:15:06.499+05:30  INFO 6939 --- [firstSpringBoot] [restartedMain] c.R.f.FirstSprintBootApplication         : Starting FirstSprintBootApplication using Java 26.0.2 with PID 6939 (/home/r4ghuveer/SpringBoot/firstSpringBoot/target/classes started by r4ghuveer in /home/r4ghuveer/SpringBoot/firstSpringBoot)
2026-08-12T20:15:06.499+05:30  INFO 6939 --- [firstSpringBoot] [restartedMain] c.R.f.FirstSprintBootApplication         : No active profile set, falling back to 1 default profile: "default"
2026-08-12T20:15:06.523+05:30  INFO 8645 --- [firstSpringBoot] [main] c.R.f.FirstSprintBootApplicationTests    : Starting FirstSprintBootApplicationTests using Java 26.0.2 with PID 8645 (started by r4ghuveer in /home/r4ghuveer/SpringBoot/firstSpringBoot)
2026-08-12T20:15:06.524+05:30  INFO 8645 --- [firstSpringBoot] [main] c.R.f.FirstSprintBootApplicationTests    : No active profile set, falling back to 1 default profile: "default"
2026-08-12T20:15:06.571+05:30  INFO 6939 --- [firstSpringBoot] [restartedMain] o.s.boot.tomcat.TomcatWebServer          : Tomcat initialized with port 8080 (http)
2026-08-12T20:15:06.571+05:30  INFO 6939 --- [firstSpringBoot] [restartedMain] o.apache.catalina.core.StandardService   : Starting service [Tomcat]
2026-08-12T20:15:06.571+05:30  INFO 6939 --- [firstSpringBoot] [restartedMain] o.apache.catalina.core.StandardEngine    : Starting Servlet engine: [Apache Tomcat/11.0.22]
2026-08-12T20:15:06.574+05:30  INFO 6939 --- [firstSpringBoot] [restartedMain] b.w.c.s.WebApplicationContextInitializer : Root WebApplicationContext: initialization completed in 74 ms
2026-08-12T20:15:06.614+05:30  INFO 6939 --- [firstSpringBoot] [restartedMain] r$InitializeUserDetailsManagerConfigurer : Global AuthenticationManager configured with UserDetailsService bean with name inMemoryUserDetailsManager
2026-08-12T20:15:06.629+05:30  INFO 6939 --- [firstSpringBoot] [restartedMain] o.s.b.a.e.web.EndpointLinksResolver      : Exposing 4 endpoints beneath base path '/actuator'
2026-08-12T20:15:06.637+05:30  INFO 6939 --- [firstSpringBoot] [restartedMain] o.s.boot.tomcat.TomcatWebServer          : Tomcat started on port 8080 (http) with context path '/'
2026-08-12T20:15:06.639+05:30  INFO 6939 --- [firstSpringBoot] [restartedMain] c.R.f.FirstSprintBootApplication         : Started FirstSprintBootApplication in 0.151 seconds (process running for 243.683)
2026-08-12T20:15:06.639+05:30  INFO 6939 --- [firstSpringBoot] [restartedMain] .ConditionEvaluationDeltaLoggingListener : Condition evaluation unchanged
2026-08-12T20:15:06.720+05:30  INFO 6939 --- [firstSpringBoot] [http-nio-8080-exec-1] o.a.c.c.C.[Tomcat-2].[localhost].[/]     : Initializing Spring DispatcherServlet 'dispatcherServlet'
2026-08-12T20:15:06.720+05:30  INFO 6939 --- [firstSpringBoot] [http-nio-8080-exec-1] o.s.web.servlet.DispatcherServlet        : Initializing Servlet 'dispatcherServlet'
2026-08-12T20:15:06.721+05:30  INFO 6939 --- [firstSpringBoot] [http-nio-8080-exec-1] o.s.web.servlet.DispatcherServlet        : Completed initialization in 1 ms
2026-08-12T20:15:07.148+05:30  INFO 8645 --- [firstSpringBoot] [main] r$InitializeUserDetailsManagerConfigurer : Global AuthenticationManager configured with UserDetailsService bean with name inMemoryUserDetailsManager
2026-08-12T20:15:07.256+05:30  INFO 8645 --- [firstSpringBoot] [main] o.s.b.a.e.web.EndpointLinksResolver      : Exposing 4 endpoints beneath base path '/actuator'
2026-08-12T20:15:07.387+05:30  INFO 8645 --- [firstSpringBoot] [main] c.R.f.FirstSprintBootApplicationTests    : Started FirstSprintBootApplicationTests in 1.003 seconds (process running for 1.454)
2026-08-12T20:15:13.253+05:30  INFO 6939 --- [firstSpringBoot] [SpringApplicationShutdownHook] o.s.boot.tomcat.GracefulShutdown         : Commencing graceful shutdown. Waiting for active requests to complete
2026-08-12T20:15:13.255+05:30  INFO 6939 --- [firstSpringBoot] [tomcat-shutdown] o.s.boot.tomcat.GracefulShutdown         : Graceful shutdown complete
